qid,label,desc,sitelinks,date,image,country
Q2283,Microsoft,American multinational technology corporation,178,1976-11-26T00:00:00Z,http://commons.wikimedia.org/wiki/Special:FilePath/Microsoft%20logo%20%282012%29.svg,United States of America
Q95,Google,American multinational Internet and technology corporation,168,1998-09-04T00:00:00Z,http://commons.wikimedia.org/wiki/Special:FilePath/Google%202015%20logo.svg,United States of America
Q312,Apple Inc.,"American technology company based in Cupertino, California",161,1976-04-01T00:00:00Z,http://commons.wikimedia.org/wiki/Special:FilePath/Apple%20logo%20black.svg,United States of America
Q1422,Juventus F.C.,"association football club in Turin, Italy",125,1897-11-01T00:00:00Z,http://commons.wikimedia.org/wiki/Special:FilePath/Juventus%20FC%202017%20icon%20%28black%29.svg,Italy
Q7414,The Walt Disney Company,American diversified multinational mass media corporation,124,1923-10-16T00:00:00Z,http://commons.wikimedia.org/wiki/Special:FilePath/The%20Walt%20Disney%20Company%20Logo.svg,United States of America
Q38076,McDonald’s,American fast food restaurant chain,112,1940-05-15T00:00:00Z,http://commons.wikimedia.org/wiki/Special:FilePath/McDonald%27s%20Golden%20Arches.svg,United States of America
Q37156,IBM,American multinational technology and consulting corporation,109,1911-06-16T00:00:00Z,http://commons.wikimedia.org/wiki/Special:FilePath/IBM%20logo.svg,United States of America
Q3884,Amazon,American electronic commerce and cloud computing company,106,1994-07-05T00:00:00Z,http://commons.wikimedia.org/wiki/Special:FilePath/Amazon%20logo.svg,United States of America
Q26678,BMW,"German automotive manufacturer, and conglomerate",106,1916-03-07T00:00:00Z,http://commons.wikimedia.org/wiki/Special:FilePath/BMW%20logo%20%28white%20%2B%20grey%20background%20square%29.svg,Germany
Q907311,Netflix,American multinational entertainment company,102,1997-08-29T00:00:00Z,http://commons.wikimedia.org/wiki/Special:FilePath/Netflix%202015%20logo.svg,United States of America
Q41187,Sony,Japanese multinational conglomerate corporation,101,1946-05-07T00:00:00Z,http://commons.wikimedia.org/wiki/Special:FilePath/Sony%20logo.svg,Japan
Q53268,Toyota,Japanese automotive brand manufacturer,101,1937-08-28T00:00:00Z,http://commons.wikimedia.org/wiki/Special:FilePath/Toyota.png,Japan
Q67,Airbus,European aircraft manufacturer,99,1969-12-18T00:00:00Z,http://commons.wikimedia.org/wiki/Special:FilePath/Airbus%20Logo%202017.svg,France|United Kingdom|Germany
Q8093,Nintendo,Japanese multinational video game and consumer electronics company,99,1889-09-23T00:00:00Z,http://commons.wikimedia.org/wiki/Special:FilePath/Nintendo.svg,Japan
Q66,Boeing,aerospace and defense manufacturer in the United States,95,1916-07-15T00:00:00Z,http://commons.wikimedia.org/wiki/Special:FilePath/Boeing%20full%20logo.svg,United States of America
Q9584,Honda,"manufacturer of automobiles, motorcycles, and power equipment",93,1948-09-24T00:00:00Z,http://commons.wikimedia.org/wiki/Special:FilePath/Honda.svg,Japan
Q248,Intel,American semiconductor chip manufacturer,93,1968-07-18T00:00:00Z,http://commons.wikimedia.org/wiki/Special:FilePath/Intel%20logo%20%282020%2C%20dark%20blue%29.svg,United States of America
Q44294,Ford Motor Company,automotive brand manufacturer,92,1903-06-16T00:00:00Z,http://commons.wikimedia.org/wiki/Special:FilePath/Ford%20logo%20flat.svg,United States of America
Q191615,Pizza Hut,American restaurant chain and international franchise,92,1958-06-15T00:00:00Z,http://commons.wikimedia.org/wiki/Special:FilePath/Pizza%20Hut%20international%20logo%2C%202008%E2%80%932016.svg,United States of America
Q6686,Renault,automotive conglomerate,88,1898-12-24T00:00:00Z,http://commons.wikimedia.org/wiki/Special:FilePath/Renault%202021.svg,Japan
Q193701,SpaceX,American space transport company,86,2002-05-06T00:00:00Z,http://commons.wikimedia.org/wiki/Special:FilePath/Entrance%20to%20SpaceX%20headquarters.jpg,United States of America
Q58024,eBay,American multinational internet corporation that manages eBay.com,84,1995-09-03T00:00:00Z,http://commons.wikimedia.org/wiki/Special:FilePath/EBay%20logo.svg,United States of America
Q8901,European Central Bank,Central bank for the euro,83,1998-06-01T00:00:00Z,http://commons.wikimedia.org/wiki/Special:FilePath/Logo%20European%20Central%20Bank.svg,Germany
Q83164,East India Company,English joint-stock company formed for pursuing trade with the East Indies,82,1600-12-31T00:00:00Z,http://commons.wikimedia.org/wiki/Special:FilePath/Flag%20of%20the%20British%20East%20India%20Company%20%281801%29.svg,
Q131005,Air France,flag-carrier and largest airline in France,81,1933-10-07T00:00:00Z,http://commons.wikimedia.org/wiki/Special:FilePath/Air%20France%20A380%20F-HPJA.jpg,France
Q11463,Adobe,American multinational computer software company,81,1982-02-28T00:00:00Z,http://commons.wikimedia.org/wiki/Special:FilePath/Adobe%20Corporate%20logo.svg,United States of America
Q20165,Nissan,Japanese automobile manufacturer,81,1933-12-26T00:00:00Z,http://commons.wikimedia.org/wiki/Special:FilePath/Nissan%20Motor%20Corporation%202020%20logo.svg,Japan
Q80978,Hewlett-Packard,American multinational information technology corporation,79,1939-01-01T00:00:00Z,http://commons.wikimedia.org/wiki/Special:FilePath/HP%20Headquarters%20Palo%20Alto.jpg,United States of America
Q40966,Opel,"German automotive brand, subsidiary of Stellantis",79,1862-01-21T00:00:00Z,http://commons.wikimedia.org/wiki/Special:FilePath/Opel-Logo%202017.svg,Germany
Q35886,Lamborghini,Italian car manufacturer,79,1948-03-11T00:00:00Z,http://commons.wikimedia.org/wiki/Special:FilePath/Lamborghini%20logo%202.svg,Italy
Q37158,Starbucks,American multinational coffee company,78,1971-03-30T00:00:00Z,http://commons.wikimedia.org/wiki/Special:FilePath/Starbucks%20%2822331380%29.jpg,United States of America
Q30873,Dell Inc.,American multinational computer technology corporation,77,1984-02-01T00:00:00Z,http://commons.wikimedia.org/wiki/Special:FilePath/Dell%20logo%202016.svg,United States of America
Q81230,Siemens,German multinational conglomerate,76,1847-10-01T00:00:00Z,http://commons.wikimedia.org/wiki/Special:FilePath/Siemens%20M%C3%BCnchen%20Martinstr.jpg,Germany
Q483551,Walmart,U.S. discount retailer based in Arkansas,76,1962-07-02T00:00:00Z,http://commons.wikimedia.org/wiki/Special:FilePath/Walmart%20Home%20Office.jpg,United States of America
Q483915,Nike,American athletic equipment company,75,1964-01-25T00:00:00Z,http://commons.wikimedia.org/wiki/Special:FilePath/Nikeworldheadquarters.jpg,United States of America
Q1636958,Xiaomi,Chinese electronics company,75,2010-04-06T00:00:00Z,http://commons.wikimedia.org/wiki/Special:FilePath/Xiaomi%20logo.svg,People's Republic of China
Q47099,Televisa,Mexicana media company,75,1973-01-08T00:00:00Z,http://commons.wikimedia.org/wiki/Special:FilePath/Logotipo%20de%20Televisa.svg,
Q213660,LinkedIn,social networking website for people in professional occupations,74,2002-12-28T00:00:00Z,http://commons.wikimedia.org/wiki/Special:FilePath/Linkedin%20screenshot.png,United States of America
Q26921,Alfa Romeo,Italian automotive manufacturer,73,1910-06-24T00:00:00Z,http://commons.wikimedia.org/wiki/Special:FilePath/Logo%20AlfaRomeo%201982%202015%20noBG.jpg,Italy
Q215392,Norwegian Air Shuttle,airline from Norway,72,1993-01-22T00:00:00Z,http://commons.wikimedia.org/wiki/Special:FilePath/Rendering%20of%20a%20Norwegian%20Boeing%20787-9%20%281%29.jpg,Norway|Ireland|Spain|Sweden|Argentina|France|United Kingdom
Q14647,Sun Microsystems,defunct American computer hardware and software company,72,1982-02-24T00:00:00Z,http://commons.wikimedia.org/wiki/Special:FilePath/Sun-Logo.svg,United States of America
Q66048,Deutsche Bank,German global banking and financial services company,71,1870-03-10T00:00:00Z,http://commons.wikimedia.org/wiki/Special:FilePath/Deutsche-Bank-Frankfurt-am-Main.jpg,Germany
Q181912,KLM,flag carrier airline of the Netherlands,71,1919-10-07T00:00:00Z,http://commons.wikimedia.org/wiki/Special:FilePath/KLM%20Boeing%20737-7K2%20PH-BGT%20MUC%202015%2001.jpg,Kingdom of the Netherlands|Netherlands
Q27597,Fiat,automotive and aircraft brand manufacturing subsidiary of FCA Italy,71,1899-07-11T00:00:00Z,http://commons.wikimedia.org/wiki/Special:FilePath/FIAT%20logo%20%282020%29.svg,Italy
Q6742,Peugeot,French automotive brand manufacturing subsidiary of Groupe PSA,71,1810-06-10T00:00:00Z,http://commons.wikimedia.org/wiki/Special:FilePath/Nuevo%20logo%20de%20peugeot.jpg,France
Q6746,Citroën,French automotive manufacturer,71,1919-06-20T00:00:00Z,http://commons.wikimedia.org/wiki/Special:FilePath/Citroen%202016%20logo.svg,France
Q19900,Oracle Corporation,American multinational computer technology corporation,71,1977-06-14T00:00:00Z,http://commons.wikimedia.org/wiki/Special:FilePath/Oracle%20logo.svg,United States of America
Q170416,Koninklijke Philips NV,Dutch multinational electronics company,69,1891-05-15T00:00:00Z,http://commons.wikimedia.org/wiki/Special:FilePath/Siege%20Philips%20Amsterdam.jpg,Kingdom of the Netherlands|Netherlands
Q181642,Suzuki,Japanese multinational corporation,69,1909-02-10T00:00:00Z,http://commons.wikimedia.org/wiki/Special:FilePath/SUZUKI-MotorHQ.jpg,Japan
Q29637,Škoda Auto,Automotive manufacturing subsidiary of Volkswagen Group,69,1895-12-17T00:00:00Z,http://commons.wikimedia.org/wiki/Special:FilePath/Skoda%20logo.png,Czech Republic
Q128896,Advanced Micro Devices,American multinational semiconductor company,67,1969-05-01T00:00:00Z,http://commons.wikimedia.org/wiki/Special:FilePath/Amdheadquarters.jpg,United States of America
Q27530,Daimler AG,german automotive manufacturer,67,1998-11-17T00:00:00Z,http://commons.wikimedia.org/wiki/Special:FilePath/DaimlerLogo.svg,Germany
Q35476,AT&T,American multinational conglomerate,67,1983-10-05T00:00:00Z,http://commons.wikimedia.org/wiki/Special:FilePath/AT%26T%20logo%202016.svg,United States of America
Q153770,Deutsche Welle,international German public radio and television channel,66,1953-05-03T00:00:00Z,http://commons.wikimedia.org/wiki/Special:FilePath/Deutsche%20Welle.jpg,Germany
Q259011,Motorola,former telecommunications company,66,1928-09-25T00:00:00Z,http://commons.wikimedia.org/wiki/Special:FilePath/UWAMotorolaSoftwareCentre%20gobeirne.jpg,United States of America
Q188920,Delta Air Lines,airline in U.S.,66,1925-03-02T00:00:00Z,http://commons.wikimedia.org/wiki/Special:FilePath/DeltaAirLinesHQAtlantaGA.jpg,United States of America
Q183231,Bank of England,central bank of the United Kingdom,66,1694-07-27T00:00:00Z,http://commons.wikimedia.org/wiki/Special:FilePath/%D0%91%D0%B0%D0%BD%D0%BA%D0%B0%20%D0%BD%D0%B0%20%D0%90%D0%BD%D0%B3%D0%BB%D0%B8%D1%98%D0%B0%20-%20%D0%B7%D0%B3%D1%80%D0%B0%D0%B4%D0%B0.jpg,United Kingdom
Q62621,Canon Inc.,Japanese multinational corporation specialised in the manufacture of imaging and optical products,66,1937-08-10T00:00:00Z,http://commons.wikimedia.org/wiki/Special:FilePath/Canon%20wordmark.svg,Japan
Q156238,ExxonMobil,American multinational oil and gas corporation,65,1999-11-30T00:00:00Z,http://commons.wikimedia.org/wiki/Special:FilePath/Exxon%20Mobil%20Logo.svg,United States of America
Q173941,Electronic Arts,American interactive entertainment company,65,1982-05-28T00:00:00Z,http://commons.wikimedia.org/wiki/Special:FilePath/EA%20Building%20RedwoodShores.JPG,United States of America
Q32396,American Airlines,major airline of the United States,65,1926-04-15T00:00:00Z,http://commons.wikimedia.org/wiki/Special:FilePath/American%20Airlines%20Airbus%20A330-300%20at%20Heathrow.jpg,United States of America
Q122741,Sega,Japanese video game developer and publisher and subsidiary of Sega Sammy Holdings,64,1960-06-03T00:00:00Z,http://commons.wikimedia.org/wiki/Special:FilePath/Tokyo%20-%20Sega%20HQ%20Office%201.jpg,Japan
Q53536,Federal Reserve System,central banking system of the United States,64,1913-12-23T00:00:00Z,,United States of America
Q35349,Kia Motors,South Korean automobile manufacturer,64,1944-12-21T00:00:00Z,http://commons.wikimedia.org/wiki/Special:FilePath/KIA%20logo3.svg,South Korea
Q156578,Volkswagen Group,automotive manufacturing conglomerate,63,1937-05-28T00:00:00Z,http://commons.wikimedia.org/wiki/Special:FilePath/VW%20Werk%20Altes%20Heizkraftwerk%20WB%20edit.jpg,Germany
Q186012,HTC Corporation,Taiwanese electronics company,63,1997-05-15T00:00:00Z,http://commons.wikimedia.org/wiki/Special:FilePath/HTC%20%E5%8F%B0%E5%8C%97%E6%96%B0%E5%BA%97%E7%B8%BD%E9%83%A8%E5%A4%A7%E6%A8%93.jpg,Taiwan
Q188326,H&M,Swedish multinational clothing-retail company,63,1947-10-04T00:00:00Z,http://commons.wikimedia.org/wiki/Special:FilePath/Harlem%20-%20H%26M.jpg,Sweden
Q53247,Panasonic Corporation,Japanese multinational electronics corporation,63,1918-03-13T00:00:00Z,http://commons.wikimedia.org/wiki/Special:FilePath/Panasonic%20Toyota%20Racing%20logo.svg,Japan
Q5281,Yandex,Russian multinational technology company specializing in Internet-related services and products,63,1997-09-23T00:00:00Z,http://commons.wikimedia.org/wiki/Special:FilePath/Yandex%20Logo.svg,Russia
Q308952,Malaysia Airlines,flag-carrier airline of Malaysia,62,1972-09-30T00:00:00Z,http://commons.wikimedia.org/wiki/Special:FilePath/Malaysia%20Airlines%2C%209M-MLR%2C%20Boeing%20737-8H6%20%2832719159297%29.jpg,Malaysia
Q178824,Blizzard Entertainment,American video game publisher and developer,62,1991-02-08T00:00:00Z,http://commons.wikimedia.org/wiki/Special:FilePath/BlizzardIrvine.jpg,United States of America
Q152864,Asus,Taiwanese computer and electronics company,61,1989-04-01T00:00:00Z,http://commons.wikimedia.org/wiki/Special:FilePath/ASUSTeK%20Computer%20headquarters%2020150711.jpg,Taiwan
Q552581,SAP SE,German software producer,61,1972-04-01T00:00:00Z,http://commons.wikimedia.org/wiki/Special:FilePath/Sap-wdf.jpg,Germany
Q69906,Air India,flag-carrier airline of India,60,1932-10-15T00:00:00Z,http://commons.wikimedia.org/wiki/Special:FilePath/Air%20India%20Livery.jpg,India
Q255381,Pinterest,photo sharing and publishing website,60,2010-01-16T00:00:00Z,http://commons.wikimedia.org/wiki/Special:FilePath/Pinterest%20Logo.svg,United States of America
Q190795,Roscosmos State Corporation,space agency of Russia,60,1992-02-25T00:00:00Z,http://commons.wikimedia.org/wiki/Special:FilePath/Moscow%2C%20Schepkina%2042%20-%20Roscosmos%20building.jpg,Russia
Q4923294,GMM Grammy,entertainment media group company in Thailand,60,1983-11-11T00:00:00Z,http://commons.wikimedia.org/wiki/Special:FilePath/GMM%20Grammy%20Logo.svg,Thailand
Q20800404,Alphabet Inc.,American holding company and parent company of Google,60,2015-08-10T00:00:00Z,http://commons.wikimedia.org/wiki/Special:FilePath/Alphabet%20Inc%20Logo%202015.svg,United States of America
Q187854,Scandinavian Airlines,"Flag-carrier airline of Denmark, Norway and Sweden.",59,1946-08-01T00:00:00Z,http://commons.wikimedia.org/wiki/Special:FilePath/Scandinavian%20Airlines%20A340-300%28LN-RKG%29%20%284261764884%29.jpg,Norway|Danish Realm|Sweden|Denmark
Q157064,Puma SE,German clothing and consumer goods manufacturer,59,1948-03-12T00:00:00Z,http://commons.wikimedia.org/wiki/Special:FilePath/Zeppelinstra%C3%9Fe%202%20Herzogenaurach%2003.JPG,Germany
Q27224,Bentley,automotive brand manufacturer,59,1919-01-18T00:00:00Z,http://commons.wikimedia.org/wiki/Special:FilePath/Bentley%20symbol.jpg,United Kingdom
Q14772,Baidu,Chinese web services company,59,2000-01-01T00:00:00Z,,People's Republic of China
Q481778,Acer Inc.,Taiwanese multinational hardware and electronics corporation,57,1976-08-01T00:00:00Z,http://commons.wikimedia.org/wiki/Special:FilePath/Acer%20Building%20in%20Oriental%20Science%20Park%20right-front.jpg,Taiwan
Q188822,Asian Development Bank,regional development bank,57,1966-12-19T00:00:00Z,http://commons.wikimedia.org/wiki/Special:FilePath/Asian%20Development%20Bank%20headquarters.jpg,Philippines
Q32141,Cathay Pacific,flag carrier of Hong Kong,57,1946-09-24T00:00:00Z,http://commons.wikimedia.org/wiki/Special:FilePath/B-LXI%40HKG%20%2820190716180850%29.jpg,People's Republic of China|Hong Kong
Q208033,Qatar Airways,state-owned flag-carrier airline of Qatar,57,1993-11-22T00:00:00Z,http://commons.wikimedia.org/wiki/Special:FilePath/A7-ALG%20Qatar%20Airways%20Airbus%20A350-941%20lining%20up%20on%20Rwy%2018%20for%20departure%20to%20Dohar%20%28DOH%20-%20OTHH%29%20%40%20Frankfurt%20-%20Rhein-Main%20International%20%28FRA%20-%20EDDF%29%20-%2013.05.2017%20%2834264843520%29.jpg,Qatar
Q181114,Chrysler,automotive brand manufacturing subsidiary of Fiat Chrysler Automobiles,56,1925-06-06T00:00:00Z,http://commons.wikimedia.org/wiki/Special:FilePath/Chrysler%20Headquarters%20Auburn%20Hills%2020060624.jpg,United States of America
Q188273,Ubisoft,French video game company,55,1986-03-28T00:00:00Z,http://commons.wikimedia.org/wiki/Special:FilePath/Rue%20Armand%20Carrel%2C%2028%20%28Montreuil%29.jpg,France
Q9322,Deutsche Bahn,German national railway company (1994–),55,1994-01-01T00:00:00Z,http://commons.wikimedia.org/wiki/Special:FilePath/Deutsche%20Bahn%20AG-Logo.svg,Germany
Q485593,Red Hat,American multinational software company,55,1993-03-27T00:00:00Z,http://commons.wikimedia.org/wiki/Special:FilePath/Red%20Hat%20Tower%20--%2015%20February%202017%20%28cropped%29.jpeg,United States of America
Q201821,Finnair,flag-carrier and largest airline of Finland,55,1923-09-12T00:00:00Z,http://commons.wikimedia.org/wiki/Special:FilePath/Airbus%20A350-941%20%27OH-LWA%27%20Finnair%20%2822457807972%29.jpg,Finland
Q207936,China Central Television,state-controlled broadcaster of the People's Republic of China,55,1958-09-02T00:00:00Z,http://commons.wikimedia.org/wiki/Special:FilePath/China%20Central%20Television%20HQ%2C%20from%20China%20World%20Trade%20Centre.jpg,People's Republic of China
Q188454,Yamaha Corporation,Japanese multinational corporation and conglomerate,54,1887-10-12T00:00:00Z,http://commons.wikimedia.org/wiki/Special:FilePath/YAMAHA%20%28headquarters%203%29.jpg,Japan
Q928831,Seoul Broadcasting System,South Korean television and radio network,54,1990-11-14T00:00:00Z,http://commons.wikimedia.org/wiki/Special:FilePath/Seoul%20Broadcasting%20System%20logo.svg,South Korea
Q183412,EMI,British music recording and publishing company,54,1928-03-29T00:00:00Z,http://commons.wikimedia.org/wiki/Special:FilePath/Emi%20building.jpg,United Kingdom
Q213147,Korean Air,flag-carrier airline of South Korea,54,1969-03-01T00:00:00Z,http://commons.wikimedia.org/wiki/Special:FilePath/HL7637%40HKG%20%2820181021143558%29.jpg,South Korea
Q192653,České aerolinie,National airline of the Czech Republic,54,1923-10-06T00:00:00Z,http://commons.wikimedia.org/wiki/Special:FilePath/Csa%20b737-400%20ok-dgm%20arp.jpg,Czech Republic|Czechoslovakia
Q172741,Subaru,automobile manufacturing company,53,1953-07-07T00:00:00Z,http://commons.wikimedia.org/wiki/Special:FilePath/Ebisu%20Subaru%20Building%202017-07.jpg,Japan
Q153975,Alitalia,flag-carrier airline of Italy,52,1946-09-16T00:00:00Z,http://commons.wikimedia.org/wiki/Special:FilePath/EI-EJI%20FCO%20%2824869064081%29.jpg,Italy
Q188217,SEAT,A Spanish Automobile manufacturer and a subsidiary of the Volkswagen Group,52,1950-05-09T00:00:00Z,http://commons.wikimedia.org/wiki/Special:FilePath/F%C3%A0brica%20SEAT%20Martorell.JPG,Spain
Q9401,BASF,German chemical company with worldwide reach,52,1865-04-06T00:00:00Z,http://commons.wikimedia.org/wiki/Special:FilePath/BASF-Logo%20bw.svg,Germany
Q1359568,Alibaba Group,Hangzhou-based group of Internet-based e-commerce businesses,52,1999-06-28T00:00:00Z,http://commons.wikimedia.org/wiki/Special:FilePath/Alibaba%20group%20Headquarters.jpg,People's Republic of China
Q45700,Konami,Japanese entertainment and gaming company,52,1969-03-21T00:00:00Z,http://commons.wikimedia.org/wiki/Special:FilePath/Konami%204th%20logo%202.svg,Japan
Q8681,Pan Am,"1927–1991 airline in the United States, former primary international carrier",52,1927-03-14T00:00:00Z,http://commons.wikimedia.org/wiki/Special:FilePath/Pan%20Am%20Logo.svg,United States of America
Q487907,Bank of America,American multinational banking and financial services corporation,51,1930-11-03T00:00:00Z,http://commons.wikimedia.org/wiki/Special:FilePath/Bank%20of%20America%20Corporate%20Center.jpg,United States of America
Q679322,Saudi Aramco,Saudi Arabian petroleum and natural gas company,50,1988-11-13T00:00:00Z,http://commons.wikimedia.org/wiki/Special:FilePath/Saudi%20aramco%20logo.svg,Saudi Arabia
Q152433,Xerox,American document management corporation,50,1906-04-18T00:00:00Z,http://commons.wikimedia.org/wiki/Special:FilePath/Xerox%20headquarters.jpg,United States of America
Q14428,Capcom,Japanese developer and publisher of video games,50,1979-05-30T00:00:00Z,http://commons.wikimedia.org/wiki/Special:FilePath/Capcom%20logo.svg,Japan
Q193412,Texas Instruments,American semiconductor designer and manufacturer,50,1930-12-06T00:00:00Z,http://commons.wikimedia.org/wiki/Special:FilePath/TI%20signboard%20Dallas.png,United States of America
Q83716,Aer Lingus,flag-carrier airline of Ireland,49,1936-05-27T00:00:00Z,http://commons.wikimedia.org/wiki/Special:FilePath/Aer%20Lingus%20Airbus%20A330-302%20EI-EDY%20approaching%20EWR%20Airport.jpg,Ireland
Q153571,Brussels Airlines,"airline based in Brussels, Belgium",49,2006-11-07T00:00:00Z,http://commons.wikimedia.org/wiki/Special:FilePath/Brussels%20Airlines%20A319-112%20%28OO-SSG%29%20landing%20at%20Brussels%20Airport%20%281%29.jpg,Belgium
Q28616,GAZ,manufacturer of commercial vehicles,49,1932-01-01T00:00:00Z,http://commons.wikimedia.org/wiki/Special:FilePath/Flickr%20-%20Hugo90%20-%20GAZ%20Chaika.jpg,Russia
Q214346,Viacom,American global mass media company founded in 2006,49,2005-12-31T00:00:00Z,http://commons.wikimedia.org/wiki/Special:FilePath/One%20Astor%20Plaza%20May%202010.JPG,United States of America
Q208232,TAP Air Portugal,flag-carrier airline of Portugal,49,1945-03-14T00:00:00Z,http://commons.wikimedia.org/wiki/Special:FilePath/Tap.a320-200.cs-tnj.arp.jpg,Portugal
Q154037,Total SE,French energy company,48,1924-03-28T00:00:00Z,http://commons.wikimedia.org/wiki/Special:FilePath/Berlin%20moabit%20tour%20total%2019.01.2013%2013-01-48.jpg,France
Q156013,Eurostar,"High-speed railway service connecting London with France, Belgium & The Netherlands",48,1994-11-14T00:00:00Z,http://commons.wikimedia.org/wiki/Special:FilePath/Eurostar%20at%20St%20Pancras%20Jan%202008.jpg,Kingdom of the Netherlands|Belgium|Netherlands|France|United Kingdom
Q211165,Asiana Airlines,airline in South Korea,48,1988-02-17T00:00:00Z,http://commons.wikimedia.org/wiki/Special:FilePath/HL7626%20LAX%20%2824089875332%29.jpg,South Korea
Q192459,Nauru Airlines,Flag carrier airline of Nauru,48,2014-08-01T00:00:00Z,http://commons.wikimedia.org/wiki/Special:FilePath/Our%20Airline%20%28VH-INU%29%20Boeing%20737-3Y0%20at%20Sydney%20Airport.jpg,Nauru
Q223191,Adria Airways,former flag-carrier airline of Slovenia,47,1961-03-14T00:00:00Z,http://commons.wikimedia.org/wiki/Special:FilePath/Adria%20Airways%20CRJ-200ER%20KvW.jpg,Slovenia
Q244457,Subway,sandwich restaurant chain,47,1965-08-28T00:00:00Z,http://commons.wikimedia.org/wiki/Special:FilePath/Subway%202016%20logo.svg,United States of America
Q180855,Heineken,Dutch beer company,47,1864-07-12T00:00:00Z,http://commons.wikimedia.org/wiki/Special:FilePath/Heineken%20experience%20amsterdam.jpg,Kingdom of the Netherlands|Netherlands
Q39064,Canonical Group Limited,software company based in the United Kingdom,47,2004-03-05T00:00:00Z,http://commons.wikimedia.org/wiki/Special:FilePath/Canonical%20logo.svg,
Q194393,SK Slavia Prague,Oldest football club in Czech Republic,47,1892-11-02T00:00:00Z,http://commons.wikimedia.org/wiki/Special:FilePath/StadiumEden.jpg,Czech Republic
Q200491,Activision Publishing,American video game publisher,47,1979-10-01T00:00:00Z,http://commons.wikimedia.org/wiki/Special:FilePath/Activisionheadquarters.jpg,United States of America
Q204474,id Software,American Video Game Developer,47,1991-02-01T00:00:00Z,,United States of America
Q36033,Mitsubishi Motors,Japanese automotive manufacturer,47,1970-04-22T00:00:00Z,http://commons.wikimedia.org/wiki/Special:FilePath/Mitsubishi%20Motors%20SVG%20logo.svg,Japan
Q860580,Tencent,Chinese multinational investment holding conglomerate,47,1998-11-12T00:00:00Z,http://commons.wikimedia.org/wiki/Special:FilePath/Tencent%20Logo.svg,People's Republic of China
Q211906,Brøndby IF,Danish association football club based in Copenhagen,47,1964-12-03T00:00:00Z,http://commons.wikimedia.org/wiki/Special:FilePath/5769%20Park.Het.Roege.Bos.DeHeld.Eelderbaan.202009.jpg,Danish Realm|Denmark
Q219203,NEC,Japanese technology corporation,46,1899-07-17T00:00:00Z,http://commons.wikimedia.org/wiki/Special:FilePath/NEC%20Super%20Tower.jpg,Japan
Q329347,Lukoil,Russian oil company,46,1991-11-25T00:00:00Z,http://commons.wikimedia.org/wiki/Special:FilePath/Akademika%20Sakharova%202%20Aug%202009%2001.JPG,
Q471728,Variety,American weekly entertainment magazine,46,1905-12-16T00:00:00Z,http://commons.wikimedia.org/wiki/Special:FilePath/VarietyBuilding.jpg,United States of America
Q333679,Azerbaijan Airlines,airline,46,1992-04-07T00:00:00Z,http://commons.wikimedia.org/wiki/Special:FilePath/Azerbaijan%20Airlines%2C%204K-AZ03%2C%20Airbus%20A319-111.jpg,Azerbaijan
Q487292,Allianz SE,European multinational insurance and financial services corporation,46,1890-02-05T00:00:00Z,http://commons.wikimedia.org/wiki/Special:FilePath/Allianz.svg,Germany
Q503308,Southwest Airlines,airline in the United States,46,1967-03-15T00:00:00Z,http://commons.wikimedia.org/wiki/Special:FilePath/Southwest%20Airlines%20plane.jpg,United States of America
Q13646,SNCF,national state-owned railway company of France,46,1938-01-01T00:00:00Z,http://commons.wikimedia.org/wiki/Special:FilePath/Logo%20SNCF%202011.svg,France
Q212322,GlaxoSmithKline,"British multinational pharmaceutical, biologics, vaccines and consumer healthcare company",46,2001-01-01T00:00:00Z,http://commons.wikimedia.org/wiki/Special:FilePath/GlaxoSmithKline%20headquaters%20-Brentford%2C%20London%2C%20England-2Oct2011.jpg,United Kingdom
Q215363,Sveriges Television,Swedish public service television company,46,1956-09-04T00:00:00Z,http://commons.wikimedia.org/wiki/Special:FilePath/Sveriges%20Television%2C%201.jpg,Sweden
Q308911,Avianca,oldest airline in the Americas,45,1919-12-05T00:00:00Z,http://commons.wikimedia.org/wiki/Special:FilePath/Boeing%20787-8%20%E2%80%98N783AV%E2%80%99%20Avianca%20%2826953627630%29.jpg,Colombia
Q186394,Fujitsu,Japanese multinational information technology equipment and services company,45,1935-06-20T00:00:00Z,http://commons.wikimedia.org/wiki/Special:FilePath/Shiodome%20City%20Center%202012.JPG,Japan
Q512468,Garuda Indonesia,the national airline of Indonesia,45,1947-08-01T00:00:00Z,http://commons.wikimedia.org/wiki/Special:FilePath/Garuda%20Indonesia%20New%20Livery.jpg,Indonesia
Q207922,Atari,brand name now owned by Atari Interactive,45,1972-06-27T00:00:00Z,http://commons.wikimedia.org/wiki/Special:FilePath/Atari-400-Comp.jpg,United States of America
Q52825,ABB Group,"multinational corporation operating in robotics, power and automation technology",45,1988-02-08T00:00:00Z,http://commons.wikimedia.org/wiki/Special:FilePath/ABB%20logo.svg,Switzerland
Q210047,Petrobras,Brazilian energy company,45,1953-10-03T00:00:00Z,http://commons.wikimedia.org/wiki/Special:FilePath/Lula%20e%20oper%C3%A1rios.jpg,Brazil
Q219508,Citigroup,American investment bank and financial services corporation,44,1812-06-16T00:00:00Z,http://commons.wikimedia.org/wiki/Special:FilePath/388%20Greenwich%20Street%20from%20Battery%20Park%20City%20North%20Esplanade.jpg,United States of America
Q27511,Daihatsu,Japanese automobile manufacturer,44,1907-03-01T00:00:00Z,http://commons.wikimedia.org/wiki/Special:FilePath/Daihatsu%20log%C3%B3.jpg,Japan
Q515869,Lionsgate,Canadian-American entertainment company,44,1997-04-28T00:00:00Z,http://commons.wikimedia.org/wiki/Special:FilePath/Lionsgate%20Logo.svg,United States of America
Q215293,Volvo Cars,automotive brand manufacturing subsidiary of Geely,44,1927-04-14T00:00:00Z,http://commons.wikimedia.org/wiki/Special:FilePath/Volvo%20PV%20HK%20Torslanda%20G%C3%B6teborg.jpg,Sweden
Q20718,Samsung Electronics,South Korean multinational electronics company,44,1969-01-13T00:00:00Z,http://commons.wikimedia.org/wiki/Special:FilePath/Samsung%20wordmark.svg,South Korea
Q23239,Amtrak,American intercity passenger rail operator,44,1971-05-01T00:00:00Z,http://commons.wikimedia.org/wiki/Special:FilePath/Amtrak%20logo.svg,United States of America
Q215901,JVC,Japanese international electronics corporation,43,1927-09-13T00:00:00Z,http://commons.wikimedia.org/wiki/Special:FilePath/JVC%20Logo.svg,Japan
Q821172,RIA Novosti,state-operated domestic Russian-language news agency,43,1961-04-03T00:00:00Z,http://commons.wikimedia.org/wiki/Special:FilePath/Rian%20logo.gif,Russia
Q13977,Bloomberg L.P.,American multinational mass media corporation,43,1981-10-01T00:00:00Z,http://commons.wikimedia.org/wiki/Special:FilePath/New%20Bloomberg%20Logo.svg,United States of America
Q51711,Quora,question-and-answer website,43,2010-06-21T00:00:00Z,http://commons.wikimedia.org/wiki/Special:FilePath/Quora%20logo%202015.svg,
Q597933,Televisión Nacional de Chile,Chilean public service broadcaster,43,1969-01-31T00:00:00Z,http://commons.wikimedia.org/wiki/Special:FilePath/Televisi%C3%B3n%20Nacional%20de%20Chile%20HQ%20-%20Aerial%20view%20%2820190121%29.jpg,Chile
Q158888,Yamaha Motor Company,Manufacturer of motorized products,42,1955-07-01T00:00:00Z,http://commons.wikimedia.org/wiki/Special:FilePath/Torakusu-yamaha.jpg,Japan
Q731938,AstraZeneca,British-Swedish pharmaceutical company,42,1992-06-17T00:00:00Z,,United Kingdom
Q208305,Commodore International,former North American home computer and electronics manufacturer,42,1958-10-10T00:00:00Z,http://commons.wikimedia.org/wiki/Special:FilePath/C64x%20side.png,United States of America
Q467752,Verizon,American broadband and telecommunications company,41,2000-06-30T00:00:00Z,http://commons.wikimedia.org/wiki/Special:FilePath/Verizon%20Building%20%288156005279%29.jpg,United States of America
Q155026,United Parcel Service,international package delivery company,41,1907-08-28T00:00:00Z,http://commons.wikimedia.org/wiki/Special:FilePath/HTS%20Systems%20UPS%20Ground.jpg,United States of America
Q164740,Fujifilm,Japanese multinational photography and imaging company,41,1934-01-20T00:00:00Z,http://commons.wikimedia.org/wiki/Special:FilePath/Fuji%20Blimp.jpg,Japan
Q160229,Telefónica,"telecommunications company based in Madrid, Spain",41,1924-04-19T00:00:00Z,http://commons.wikimedia.org/wiki/Special:FilePath/Distrito%20Telef%C3%B3nica%20%28Madrid%29%2009.jpg,Spain
Q839466,Domino's Pizza,American pizza restaurant chain,41,1960-06-10T00:00:00Z,http://commons.wikimedia.org/wiki/Special:FilePath/Domino%27s%20pizza%20logo.svg,United States of America
Q210057,Netscape Communications Corporation,American computer services company,41,1994-04-04T00:00:00Z,http://commons.wikimedia.org/wiki/Special:FilePath/Netscape%20logo.svg,United States of America
Q76039,Hudson's Bay Company,"trading company in Canada, formerly the de-facto government of much of Canada",40,1670-05-02T00:00:00Z,http://commons.wikimedia.org/wiki/Special:FilePath/Hudsonsbayco.jpg,Canada
Q131728,Impact Wrestling,American professional wrestling promotion,40,2002-05-10T00:00:00Z,http://commons.wikimedia.org/wiki/Special:FilePath/Impact%20Wrestling%20Logo.svg,
Q223127,Logitech,Swiss global provider of peripherals,40,1981-10-02T00:00:00Z,http://commons.wikimedia.org/wiki/Special:FilePath/EPFL%20campus%202017.jpg,
Q257502,Air Koryo,state owned national airline of North Korea,40,1955-09-21T00:00:00Z,http://commons.wikimedia.org/wiki/Special:FilePath/Air%20Koryo%20Antonov%20An-148-100B.jpg,North Korea
Q944085,Reserve Bank of India,central bank of India,40,1935-04-01T00:00:00Z,http://commons.wikimedia.org/wiki/Special:FilePath/Seal%20of%20the%20Reserve%20Bank%20of%20India.svg,India
Q334204,Morgan Stanley,U.S investment bank,40,1935-09-05T00:00:00Z,http://commons.wikimedia.org/wiki/Special:FilePath/Morgan-stanley-building.jpg,United States of America
Q1438774,Supercell,Finnish video game company,40,2010-05-14T00:00:00Z,http://commons.wikimedia.org/wiki/Special:FilePath/Supercell-logo.svg,Finland
Q26463,Industrial and Commercial Bank of China,Chinese multinational banking company,40,1984-01-01T00:00:00Z,http://commons.wikimedia.org/wiki/Special:FilePath/ICBC%20logo.png,People's Republic of China
Q17460900,Zoom,communications software,40,2011-04-21T00:00:00Z,http://commons.wikimedia.org/wiki/Special:FilePath/Zoom%20Communications%20Logo.svg,United States of America
Q83835,Swiss Federal Railways,national railway company of Switzerland,39,1902-01-01T00:00:00Z,http://commons.wikimedia.org/wiki/Special:FilePath/WV-DSC09266-20151030.jpg,Switzerland
Q26989,Infosys,"Indian multinational provider of business consulting, information technology, software engineering and outsourcing services.",39,1981-07-02T00:00:00Z,http://commons.wikimedia.org/wiki/Special:FilePath/Infosys%20logo.svg,India
Q333498,Bombardier,aerospace and transportation manufacturer in Canada,39,1942-01-29T00:00:00Z,http://commons.wikimedia.org/wiki/Special:FilePath/Bombardier.svg,Canada
Q44504,Inditex,spanish multinational clothing company,39,1985-06-12T00:00:00Z,http://commons.wikimedia.org/wiki/Special:FilePath/Inditex.svg,
Q730179,Toei Animation,Japanese animation studio,39,1948-01-23T00:00:00Z,http://commons.wikimedia.org/wiki/Special:FilePath/Toei%20animation%20logo.PNG,Japan
Q738770,Western Digital,American computer storage corporation,39,1970-04-23T00:00:00Z,http://commons.wikimedia.org/wiki/Special:FilePath/Western%20Digital%20logo.svg,United States of America
Q744149,Wells Fargo,American multinational banking and financial services company,39,1852-03-18T00:00:00Z,http://commons.wikimedia.org/wiki/Special:FilePath/Wells%20Fargo%20Logo%20%282020%29.png,United States of America
Q660770,Russian Railways,state-owned company in Russia,38,2003-09-18T00:00:00Z,http://commons.wikimedia.org/wiki/Special:FilePath/RZD.svg,Russia
Q221869,SsangYong Motor Company,automobile manufacturer,38,1954-03-04T00:00:00Z,http://commons.wikimedia.org/wiki/Special:FilePath/SsangYong%20badge%20on%20a%20car.jpg,South Korea
Q308993,"NeXT Computer, Inc.",American computer company founded by Apple founder Steve Jobs,38,1985-06-20T00:00:00Z,http://commons.wikimedia.org/wiki/Special:FilePath/Entrance%20view%20of%20NeXT%20Computer%20Inc..jpg,United States of America
Q309996,Namco,Japanese corporation; video game developer and publisher,38,1955-06-01T00:00:00Z,http://commons.wikimedia.org/wiki/Special:FilePath/Namco%20headquarters%20building.jpg,Japan
Q688619,Olympus,Japanese company,38,1919-10-12T00:00:00Z,http://commons.wikimedia.org/wiki/Special:FilePath/Olympus%20Corporation%20logo.svg,Japan
Q550258,Wendy's,international fast food chain restaurant,38,1969-11-15T00:00:00Z,http://commons.wikimedia.org/wiki/Special:FilePath/Wendy%27s%20flagship%20restaurant%20%28Dublin%2C%20Ohio%29.jpg,United States of America
Q565594,Eni,Multinational oil and gas company based in Italy,38,1953-02-10T00:00:00Z,http://commons.wikimedia.org/wiki/Special:FilePath/Paolo%20Monti%20-%20Servizio%20fotografico%20%28Roma%2C%201967%29%20-%20BEIC%206364270.jpg,Italy
Q158205,Sanofi,French pharmaceutical company,38,2004-08-20T00:00:00Z,http://commons.wikimedia.org/wiki/Special:FilePath/Rue%20de%20la%20Bo%C3%A9tie%2C%2054-56.jpg,France
Q162222,Deutsche Bundesbank,central bank of Germany,38,1957-07-26T00:00:00Z,http://commons.wikimedia.org/wiki/Special:FilePath/Deutschebundesbank001.jpg,Germany
Q819425,Indian Railways,State-owned/operated national railway system of India,38,1845-05-08T00:00:00Z,http://commons.wikimedia.org/wiki/Special:FilePath/Rail%20Bhavan%201.jpg,India
Q502121,BlackBerry,enterprise software and the Internet of things company,38,1984-03-07T00:00:00Z,http://commons.wikimedia.org/wiki/Special:FilePath/BlackBerry%20Limited%20Waterloo%20Campus.jpg,Canada
Q806651,Central Bank of Russia,"central bank of the Russian Federation established on July 13, 1990",38,1990-07-13T00:00:00Z,http://commons.wikimedia.org/wiki/Special:FilePath/CBRF%20logo.svg,Russia
Q5476713,21st Century Fox,American multinational mass media corporation,38,2013-06-28T00:00:00Z,http://commons.wikimedia.org/wiki/Special:FilePath/21st%20Century%20Fox%20logo.svg,United States of America
Q620875,Goodyear Tire and Rubber Company,Global tire manufacturing company,38,1898-08-29T00:00:00Z,http://commons.wikimedia.org/wiki/Special:FilePath/Goodyear%20Tire%20%26%20Rubber%20Company%20International%20Headquarters.jpg,United States of America
Q221419,Ilyushin,"aircraft design bureau and manufacturer, located in Moscow",37,1933-01-13T00:00:00Z,http://commons.wikimedia.org/wiki/Special:FilePath/Moscow%2C%20Ilyushin%20plant%20on%20Khodynka%20Field%20%2816159571774%29.jpg,
Q221692,Petronas,Malaysian oil and gas company,37,1974-08-14T00:00:00Z,http://commons.wikimedia.org/wiki/Special:FilePath/Petronas%20tower%20-%20Kuala%20Lumpur%20-%20panoramio%20-%20Thajsko.jpg,Malaysia
Q249203,People’s Bank of China,central bank of the People's Republic of China,37,1948-12-01T00:00:00Z,http://commons.wikimedia.org/wiki/Special:FilePath/People%27s%20Bank%20of%20China%20Headquarter%2C%20Beijing.jpg,People's Republic of China
Q329494,Raidió Teilifís Éireann,public service broadcaster of Ireland,37,1960-06-01T00:00:00Z,http://commons.wikimedia.org/wiki/Special:FilePath/Montrose%20Studios%20Donnybrook.jpg,Ireland
Q752941,Taco Bell,American fast-food chain,37,1962-03-21T00:00:00Z,http://commons.wikimedia.org/wiki/Special:FilePath/Taco%20Bell%2C%20Camilla%20%28cropped%29.JPG,United States of America
Q921159,RTL Group,international media company with headquarters in Luxembourg,37,2000-07-05T00:00:00Z,http://commons.wikimedia.org/wiki/Special:FilePath/RTL%20Group.svg,
Q27489,DAF,Dutch truck manufacturing company,37,1928-04-01T00:00:00Z,http://commons.wikimedia.org/wiki/Special:FilePath/DAF%20logo.svg,Kingdom of the Netherlands
Q45464,Tatra Trucks,Czech vehicle manufacturer based in Kopřivnice,37,2013-03-08T00:00:00Z,http://commons.wikimedia.org/wiki/Special:FilePath/LOGO%20TATRA%203D.png,Czech Republic
Q16499972,OnePlus,producer of smartphones and accessories from China,37,2013-12-16T00:00:00Z,http://commons.wikimedia.org/wiki/Special:FilePath/OP%20LU%20Reg%201L%20RGB%20red%20copy-01.svg,People's Republic of China
Q17081612,Moderna,American biotechnology company,37,2016-07-22T00:00:00Z,http://commons.wikimedia.org/wiki/Special:FilePath/Moderna.png,United States of America
Q20056642,Apple Music,Internet online music service by Apple,37,2015-06-30T00:00:00Z,http://commons.wikimedia.org/wiki/Special:FilePath/Apple%20Music%20logo.svg,
Q128738,Anheuser-Busch InBev,Belgian-Brazilian multinational beverage and brewing company,36,1977-08-02T00:00:00Z,http://commons.wikimedia.org/wiki/Special:FilePath/Anheuser-Busch%20InBev%20text%20logo.svg,Belgium|Brazil
Q156034,Pioneer Corporation,Japanese electronics company,36,1938-01-01T00:00:00Z,http://commons.wikimedia.org/wiki/Special:FilePath/Bunkyo%20green%20court%20honkomagome.JPG,Japan
Q483938,SM Entertainment,South Korean entertainment company,36,1995-02-14T00:00:00Z,http://commons.wikimedia.org/wiki/Special:FilePath/SM%20Entertainment%20Logo.svg,South Korea
Q333101,Bank of Japan,the central bank of Japan,36,1882-06-27T00:00:00Z,,Japan
Q333894,Tokyo Electric Power Company Holdings,Japanese company,36,1951-05-01T00:00:00Z,http://commons.wikimedia.org/wiki/Special:FilePath/TEPCO%20head%20office.jpg,Japan
Q499707,BNP Paribas,French bank and financial services company,36,2000-05-23T00:00:00Z,http://commons.wikimedia.org/wiki/Special:FilePath/Si%C3%A8ge%20CNEP%20facade.jpg,France
Q502940,General Dynamics,defense manufacturing conglomerate,36,1952-02-21T00:00:00Z,http://commons.wikimedia.org/wiki/Special:FilePath/General%20Dynamics%20Headquarters.jpg,United States of America
Q509404,Alcatel-Lucent,French defunct global telecommunications equipment company,36,2006-12-01T00:00:00Z,http://commons.wikimedia.org/wiki/Special:FilePath/Alcatel-Lucent%20Boulogne.jpg,France
Q26966,Mercedes-AMG,German tuning company,36,1967-06-01T00:00:00Z,http://commons.wikimedia.org/wiki/Special:FilePath/AMG%20logo.svg,Germany
Q212433,Avaya,American IT company,36,2000-10-02T00:00:00Z,http://commons.wikimedia.org/wiki/Special:FilePath/Avaya%20Logo.svg,United States of America
Q597394,Swiss National Bank,central bank of Switzerland,36,1907-06-20T00:00:00Z,http://commons.wikimedia.org/wiki/Special:FilePath/Schweizerische%20Nationalbank%20Bern.jpg,Switzerland
Q15678788,Fiat Chrysler Automobiles,Italian-american multinational automotive manufacturing (2014-2021),36,2014-10-12T00:00:00Z,http://commons.wikimedia.org/wiki/Special:FilePath/Fiat%20Chrysler%20Automobiles%20logo.svg,Netherlands|Kingdom of the Netherlands
Q651222,Enel,An Italian multinational manufacturer and distributor of electricity and gas.,35,1962-11-27T00:00:00Z,http://commons.wikimedia.org/wiki/Special:FilePath/Enel%20Group%20logo.svg,Italy
Q651988,La Gazzetta dello Sport,Italian sports newspaper,35,1896-04-03T00:00:00Z,http://commons.wikimedia.org/wiki/Special:FilePath/La%20Gazzetta%20dello%20Sport%20logo.svg,Italy
Q190230,Central Bank of Azerbaijan,central bank,35,1992-02-11T00:00:00Z,http://commons.wikimedia.org/wiki/Special:FilePath/%D0%A6%D0%B5%D0%BD%D1%82%D1%80%D0%B0%D0%BB%D1%8C%D0%BD%D1%8B%D0%B9%20%D0%B1%D0%B0%D0%BD%D0%BA%20%D0%90%D0%B7%D0%B5%D1%80%D0%B1%D0%B0%D0%B9%D0%B4%D0%B6%D0%B0%D0%BD%D0%B0.JPG,Azerbaijan
Q1776022,Equinor ASA,Norwegian oil and gas company,35,1972-06-14T00:00:00Z,http://commons.wikimedia.org/wiki/Special:FilePath/Equinor.svg,Norway
Q372899,Magnum Photos,international photographic cooperative,35,1947-04-27T00:00:00Z,,
Q856897,Kellogg's,American food company,35,1906-02-19T00:00:00Z,http://commons.wikimedia.org/wiki/Special:FilePath/Kellogg%27s-Logo.svg,United States of America
Q15078152,Tinder,mobile dating app,35,2012-09-12T00:00:00Z,http://commons.wikimedia.org/wiki/Special:FilePath/TinderLogo-2017.svg,United States of America
Q83822,Österreichische Bundesbahnen,company,34,1919-11-21T00:00:00Z,http://commons.wikimedia.org/wiki/Special:FilePath/%C3%96BB%205022-036%20im%20Bahnhof%20K%C3%B6tschach-Mauthen.jpg,Austria
Q643290,RATP,French public transport operator,34,1949-01-01T00:00:00Z,,France
Q668687,United States Postal Service,independent agency of the U.S. federal government responsible for providing postal service,34,1971-07-01T00:00:00Z,http://commons.wikimedia.org/wiki/Special:FilePath/United%20States%20Postal%20Service%20Truck.jpg,United States of America
Q748148,Kawasaki Heavy Industries,international corporation based in Japan,34,1878-10-15T00:00:00Z,http://commons.wikimedia.org/wiki/Special:FilePath/Kawasaki-logo.svg,Japan
Q1127887,Vivendi,French media company,34,1987-12-18T00:00:00Z,http://commons.wikimedia.org/wiki/Special:FilePath/Logo%20vivendi.svg,France
Q1046951,Target Corporation,discount department store chain in the United States,34,1902-06-24T00:00:00Z,http://commons.wikimedia.org/wiki/Special:FilePath/Target%20logo.svg,United States of America
Q727452,Rossiya,airline based in Russia,34,1934-05-07T00:00:00Z,http://commons.wikimedia.org/wiki/Special:FilePath/Rossiya%20airlines%20logo%202016.png,Russia
Q739416,BAE Systems,"defense, security and aerospace company",34,1999-11-30T00:00:00Z,http://commons.wikimedia.org/wiki/Special:FilePath/BAE%20Systems%20logo.svg,United Kingdom
Q867667,Hino Motors,company,34,1942-05-01T00:00:00Z,http://commons.wikimedia.org/wiki/Special:FilePath/Hino%20logo.svg,Japan
Q871325,Fitch Group,American credit rating agency,34,1913-12-24T00:00:00Z,http://commons.wikimedia.org/wiki/Special:FilePath/Fitch%20Ratings%20logo.svg,United States of America
Q642610,Hawaiian Airlines,airline in the western United States,33,1929-01-30T00:00:00Z,http://commons.wikimedia.org/wiki/Special:FilePath/Hawaiian%20Airlines%20logo.png,United States of America
Q679702,Armavia,former Armenian airline,33,1996-12-12T00:00:00Z,http://commons.wikimedia.org/wiki/Special:FilePath/Armavia%20Sukhoi%20Superjet%20Heisterkamp.jpg,Armenia
Q750141,McDonnell Aircraft,aerospace manufacturer and defense contractor,33,1939-07-06T00:00:00Z,http://commons.wikimedia.org/wiki/Special:FilePath/Mcdonnell%20Aircraft%20Corporation%20Logo.png,United States of America
Q769222,Dailymotion,video streaming site,33,2005-03-15T00:00:00Z,http://commons.wikimedia.org/wiki/Special:FilePath/Dailymotion%20Wordmark%20%282020%29.svg,
Q177598,Rhaetian Railway,"owner/operator of the largest network of private meter-gauge railways in the largest and easternmost canton in Switzerland, Grisons",33,1888-02-07T00:00:00Z,http://commons.wikimedia.org/wiki/Special:FilePath/Landwasserviadukt.jpg,Switzerland
Q2476154,Renfe Operadora,Spanish rail transport company,33,2005-01-01T00:00:00Z,http://commons.wikimedia.org/wiki/Special:FilePath/Logotipo%20de%20Renfe%20Operadora.svg,Spain
Q848059,Mahindra & Mahindra,indian multinational automobile manufacturer,33,1945-10-02T00:00:00Z,http://commons.wikimedia.org/wiki/Special:FilePath/Mahindra%20Rise%20New%20Logo.svg,India
Q499071,East Japan Railway Company,Passenger railway service provider in east Japan,33,1987-04-01T00:00:00Z,http://commons.wikimedia.org/wiki/Special:FilePath/JR-East-HQ-Building-01.jpg,Japan
Q733234,Efteling,fantasy-themed amusement park in Kaatsheuvel in the Netherlands,33,1952-05-31T00:00:00Z,http://commons.wikimedia.org/wiki/Special:FilePath/Efteling%20Entrance.jpg,Netherlands|Kingdom of the Netherlands
Q898208,Honeywell,multinational conglomerate,33,1885-04-23T00:00:00Z,http://commons.wikimedia.org/wiki/Special:FilePath/Logo%20honeywell.svg,United States of America
Q782028,Game Freak,Japanese video game developer,33,1989-04-26T00:00:00Z,,Japan
Q32436,Cathay Dragon,former Hong Kong airline,33,1985-05-24T00:00:00Z,http://commons.wikimedia.org/wiki/Special:FilePath/B-HSO%40HKG%20%2820180903132506%29.jpg,People's Republic of China|Hong Kong
Q71371541,Scuderia AlphaTauri Grimm,Formula One team and constructor,33,2020-02-14T00:00:00Z,http://commons.wikimedia.org/wiki/Special:FilePath/2020%20Formula%20One%20tests%20Barcelona%2C%20AlphaTauri%20AT01%2C%20Pierre%20Gasly.jpg,Italy
Q918151,Hard Rock Cafe,chain of restaurants,33,1971-06-14T00:00:00Z,http://commons.wikimedia.org/wiki/Special:FilePath/Hard%20Rock%20Cafe%20Logo.svg,
Q94937,2K Games,American video game publisher,32,2005-01-25T00:00:00Z,http://commons.wikimedia.org/wiki/Special:FilePath/2K%20Games%20Logo.svg,United States of America
Q156391,Steinway & Sons,American-German company,32,1853-03-05T00:00:00Z,http://commons.wikimedia.org/wiki/Special:FilePath/Steinway%20and%20Sons%20logo.svg,United States of America|Germany
Q763402,S.P. Korolev Rocket and Space Corporation Energia,Russian space manufacturer,32,1946-08-26T00:00:00Z,http://commons.wikimedia.org/wiki/Special:FilePath/Energia%20ball%20logo.svg,Russia
Q270223,E.ON SE,European utility company based in Germany,32,2000-06-16T00:00:00Z,http://commons.wikimedia.org/wiki/Special:FilePath/EON-Ruhrgas-Zentrale%20Essen.jpg,Germany
Q282186,Carl Zeiss AG,German manufacturer of optical systems,32,1846-11-17T00:00:00Z,http://commons.wikimedia.org/wiki/Special:FilePath/20081011%20Carl%20Zeiss%20HQ.jpg,Germany
Q1141173,Marriott International,"international hospitality company in Bethesda, Maryland, United States",32,1993-10-08T00:00:00Z,http://commons.wikimedia.org/wiki/Special:FilePath/Marriott%20Logo.svg,United States of America
Q934853,Motorola Mobility,American telecommunications equipment corporation,32,2011-01-04T00:00:00Z,http://commons.wikimedia.org/wiki/Special:FilePath/Motorola%20new%20logo.svg,United States of America
Q694098,Swissair,defunct national airline of Switzerland,32,1931-03-26T00:00:00Z,http://commons.wikimedia.org/wiki/Special:FilePath/Swissair%20logo.svg,Switzerland
Q713418,TSMC,semiconductor foundry company headquartered in Taiwan.,32,1987-02-21T00:00:00Z,http://commons.wikimedia.org/wiki/Special:FilePath/TSMC-Logo.svg,Taiwan
Q718194,PDVSA,Venezuelan government-owned oil company,32,1975-08-30T00:00:00Z,http://commons.wikimedia.org/wiki/Special:FilePath/PDV%20S.A.%20logo.svg,Venezuela
Q1431486,Orange,French multinational telecommunications corporation,32,1988-01-01T00:00:00Z,http://commons.wikimedia.org/wiki/Special:FilePath/Orange%20logo.svg,France
Q27152,Auto Union,German automobile manufacturer,32,1932-06-29T00:00:00Z,http://commons.wikimedia.org/wiki/Special:FilePath/Auto%20Union.jpg,Germany
Q344341,Activision Blizzard,American video game company,32,2008-07-10T00:00:00Z,http://commons.wikimedia.org/wiki/Special:FilePath/Activisionheadquarters.jpg,United States of America
Q357095,Hindustan Aeronautics Limited,Indian public sector aerospace manufacturer,32,1940-12-23T00:00:00Z,,India
Q787177,MariaDB,"Database management system, relational, open source, community developed fork of MySQL",32,2009-10-29T00:00:00Z,http://commons.wikimedia.org/wiki/Special:FilePath/MariaDB%20Logo.png,Finland
Q214763,ConocoPhillips,American oil and gas company,32,2002-08-30T00:00:00Z,http://commons.wikimedia.org/wiki/Special:FilePath/CPbuilding%20Anch-AK.jpg,United States of America
Q215639,Opera Software,developer of the Opera browser,31,1995-06-22T00:00:00Z,http://commons.wikimedia.org/wiki/Special:FilePath/Opera%202015%20logo.svg,Norway
Q383707,TransAsia Airways,"Chinese airline based in Taipei, Taiwan",31,1951-05-21T00:00:00Z,http://commons.wikimedia.org/wiki/Special:FilePath/DSC%205201-F-WWYH%20-%20MSN%201378%20%2810313124666%29.jpg,Taiwan
Q165994,Focke-Wulf,1923-1964 aircraft manufacturer in Germany,31,1923-10-24T00:00:00Z,,Germany
Q168407,Deutsche Grammophon,German classical music record label,31,1898-12-06T00:00:00Z,http://commons.wikimedia.org/wiki/Special:FilePath/ConcertRecordGramophone.JPG,Germany
Q1340361,State Bank of India,Indian public sector bank and financial services organisation,31,1806-06-02T00:00:00Z,http://commons.wikimedia.org/wiki/Special:FilePath/State-Bank-of-India-Logo.svg,India
Q1054765,Kadokawa Shoten,Japanese publishing company,31,1945-11-10T00:00:00Z,http://commons.wikimedia.org/wiki/Special:FilePath/Kadokawa%20Shoten.png,Japan
Q1544011,Pathé,name of various French businesses of the film industry that were founded and originally run by the Pathé Brothers of France,31,1896-09-28T00:00:00Z,http://commons.wikimedia.org/wiki/Special:FilePath/Rotterdam%20Pathe.jpg,United States of America|France
Q1035195,Hong Kong Airlines,Hong Kong-based airline,31,2001-03-28T00:00:00Z,http://commons.wikimedia.org/wiki/Special:FilePath/DSC%205214-F-WWYP%20-%20MSN%201384%20%2810313265763%29.jpg,People's Republic of China
Q1036100,Cargolux,Luxembourgish cargo airline,31,1970-03-04T00:00:00Z,http://commons.wikimedia.org/wiki/Special:FilePath/Cargolux%20Boeing%20747-400%20KvW.jpg,Luxembourg
Q1411739,Time Inc.,American magazine publishing company,31,1922-11-28T00:00:00Z,http://commons.wikimedia.org/wiki/Special:FilePath/Time%20Inc.%20logo.svg,United States of America
Q848977,Harland and Wolff,Northern Irish heavy industrial company,31,1861-04-11T00:00:00Z,http://commons.wikimedia.org/wiki/Special:FilePath/H%26W%20old%20logo.png,United Kingdom
Q1194689,Bandai Namco Entertainment,Japanese video game company,31,2006-03-31T00:00:00Z,http://commons.wikimedia.org/wiki/Special:FilePath/NBGI%20Headquarters.JPG,Japan
Q507269,"Bandai Co., Ltd.",Japanese toy making and video game company,31,1950-07-05T00:00:00Z,http://commons.wikimedia.org/wiki/Special:FilePath/%E3%83%90%E3%83%B3%E3%83%80%E3%82%A4%E6%9C%AC%E7%A4%BE%E3%83%93%E3%83%AB.jpg,Japan
Q734338,Verisign,American Internet company,31,1995-04-12T00:00:00Z,http://commons.wikimedia.org/wiki/Special:FilePath/VRSNlogoAug2012.png,United States of America
Q8579145,New Development Bank,The Bank started by the BRICS nations in 2014.,31,2014-07-15T00:00:00Z,http://commons.wikimedia.org/wiki/Special:FilePath/NDB%20Stacked.png,
Q623459,Silicon Graphics,former American company,31,1981-11-09T00:00:00Z,http://commons.wikimedia.org/wiki/Special:FilePath/SGI%20wordmark.svg,United States of America
Q15330,Waymo,autonomous car technology company,31,2016-12-13T00:00:00Z,http://commons.wikimedia.org/wiki/Special:FilePath/Waymo%20logo.svg,United States of America
Q310481,OSRAM Licht AG,lighting manufacturer,30,1919-07-01T00:00:00Z,http://commons.wikimedia.org/wiki/Special:FilePath/Osram%20Logo.svg,Germany
Q670723,Oesterreichische Nationalbank,Austria’s central bank,30,1816-06-01T00:00:00Z,http://commons.wikimedia.org/wiki/Special:FilePath/Oesterreichische%20Nationalbank%20Logo.svg,Austria
Q756669,Ikarus,Bus manufacturer based in Hungary (1895-2003),30,1949-02-08T00:00:00Z,http://commons.wikimedia.org/wiki/Special:FilePath/Ikarus.png,Hungary
Q169167,Metro AG,company,30,1963-11-08T00:00:00Z,http://commons.wikimedia.org/wiki/Special:FilePath/Metro-headquarters-flaggs.jpg,Germany
Q1124351,FAW Group,company,30,1953-07-15T00:00:00Z,http://commons.wikimedia.org/wiki/Special:FilePath/FAW%20V2%201.3%20Deluxe%202014%20%2811214367223%29.jpg,People's Republic of China
Q936563,Borsa Italiana,Italy's main stock exchange,30,1808-01-16T00:00:00Z,http://commons.wikimedia.org/wiki/Special:FilePath/Borsa%20Italiana%20logo.svg,Italy
Q973054,Rakuten,Japenese e-commerce company,30,1997-02-07T00:00:00Z,http://commons.wikimedia.org/wiki/Special:FilePath/Rakuten%20Global%20Brand%20Logo.svg,Japan
Q1034621,Capgemini,"French multinational corporation headquartered in Paris, France",30,1967-10-01T00:00:00Z,http://commons.wikimedia.org/wiki/Special:FilePath/11%20rue%20de%20Tilsitt.jpg,France
Q588786,China National Petroleum Corporation,Chinese state-owned oil and gas corporation,30,1988-09-17T00:00:00Z,http://commons.wikimedia.org/wiki/Special:FilePath/%E4%B8%AD%E7%9F%B3%E6%B2%B9%E5%A4%A7%E6%A5%BC%E8%BF%9C%E6%99%AF.jpg,People's Republic of China
Q354764,Sigma Corporation,"Japanese company, manufacturing cameras, lenses, flashes and other photographic accessories",30,1961-09-09T00:00:00Z,http://commons.wikimedia.org/wiki/Special:FilePath/Sigma%2035mm%20F1.4%20DG%20HSM%2006.jpg,Japan
Q848490,Roland Corporation,"Japanese manufacturer of electronic musical instruments, electronic equipment and software",30,1972-04-18T00:00:00Z,http://commons.wikimedia.org/wiki/Special:FilePath/Roland%20logo.svg,Japan
Q789966,Bank of Spain,central bank,30,1829-07-09T00:00:00Z,http://commons.wikimedia.org/wiki/Special:FilePath/Logo%20Banco%20de%20Espa%C3%B1a.svg,Spain
Q386773,Korg,company,29,1963-08-28T00:00:00Z,http://commons.wikimedia.org/wiki/Special:FilePath/Korg%20logo.svg,Japan
Q745099,Kyocera,Japanese multinational electronics and ceramics manufacturer,29,1959-04-01T00:00:00Z,http://commons.wikimedia.org/wiki/Special:FilePath/Kyocera%20logo.svg,Japan
Q758603,Auchan,French retailer,29,1961-07-06T00:00:00Z,http://commons.wikimedia.org/wiki/Special:FilePath/Auchan%20logo.svg,Hungary|Spain|Luxembourg|Poland|Italy|Portugal|France|People's Republic of China|Russia|Ukraine|Romania|Taiwan|Vietnam|Senegal|Tunisia
Q699848,MediaTek,Taiwanese semiconductor company,29,1997-05-28T00:00:00Z,http://commons.wikimedia.org/wiki/Special:FilePath/MediaTek%20logo.svg,Taiwan
Q2302402,Grindr,smartphone dating/hookup application,29,2009-03-25T00:00:00Z,http://commons.wikimedia.org/wiki/Special:FilePath/Grindr%20Logo%20Black.svg,United States of America
Q162174,Air Dolomiti,Italian airline,29,1989-12-30T00:00:00Z,http://commons.wikimedia.org/wiki/Special:FilePath/Air%20Dolomiti%20Embraer%20195LR%20I-ADJL%20MUC%202015%2003.jpg,Italy
Q1156046,The Pokémon Company,"Japanese brand management, production, and marketing company responsible for marketing and licensing the Pokémon franchise",29,1998-04-23T00:00:00Z,http://commons.wikimedia.org/wiki/Special:FilePath/The%20Pokemon%20Company%20textlogo.png,Japan
Q605233,TBS Holdings,Japanese holding company,29,1951-05-17T00:00:00Z,http://commons.wikimedia.org/wiki/Special:FilePath/TBS%20Broadcasting%20Center%2020200607.jpg,Japan
Q10910065,Bajaj Auto,Indian two-wheeler and three-wheeler manufacturing company,29,1945-11-29T00:00:00Z,http://commons.wikimedia.org/wiki/Special:FilePath/Bajaj%20Auto%20Logo.jpg,India
Q629269,Macy's,American department store chain,28,1858-10-28T00:00:00Z,http://commons.wikimedia.org/wiki/Special:FilePath/Macys%20logo.svg,United States of America
Q629821,Obsidian Entertainment,company,28,2003-06-12T00:00:00Z,http://commons.wikimedia.org/wiki/Special:FilePath/Obsidian%20Entertainment.svg,United States of America
Q322731,Nokia Networks,multinational data networking and telecommunications equipment company,28,2007-04-01T00:00:00Z,http://commons.wikimedia.org/wiki/Special:FilePath/NokiaNetworks.svg,Finland
Q141146,Sabena,1923–2001 flag-carrier airline of Belgium,28,1923-05-23T00:00:00Z,http://commons.wikimedia.org/wiki/Special:FilePath/OO-SGC%20B747-300%20SN%20%284337468339%29%20%282%29.jpg,Belgium
Q151135,Youku,website,28,2006-12-21T00:00:00Z,http://commons.wikimedia.org/wiki/Special:FilePath/Youku%20logo.svg,People's Republic of China
Q1241608,DeLorean Motor Company,American former automobile manufacturer,28,1975-10-24T00:00:00Z,http://commons.wikimedia.org/wiki/Special:FilePath/DeLorean%20Motor%20Company%20logo.svg,United States of America
Q483238,JYP Entertainment,music label in South Korea,28,1996-04-25T00:00:00Z,http://commons.wikimedia.org/wiki/Special:FilePath/JYP%20Entertainment%20Logo.svg,South Korea
Q190223,Central Bank of Armenia,central bank,28,1993-04-27T00:00:00Z,http://commons.wikimedia.org/wiki/Special:FilePath/Central%20Bank%20of%20Armenia%20logo.jpg,Armenia
Q1073880,SNK,Japanese video game developer and publisher,28,1978-07-22T00:00:00Z,http://commons.wikimedia.org/wiki/Special:FilePath/SNK%20logo.svg,Japan
Q1124861,France Télévisions,french television group,28,2000-08-01T00:00:00Z,http://commons.wikimedia.org/wiki/Special:FilePath/France.tv%20-%20Logo%202018.svg,France
Q1141267,Thomson Reuters,media and business services company,28,2008-04-17T00:00:00Z,http://commons.wikimedia.org/wiki/Special:FilePath/Thomson%20Reuters%20logo.svg,Canada
Q541477,Daimler-Benz,1926-1998 automotive and engine manufacturer in Germany,28,1925-06-28T00:00:00Z,http://commons.wikimedia.org/wiki/Special:FilePath/Daimler-Benz%20Logo%20alt.svg,Germany
Q714335,BenQ,Taiwanese electronics company,28,1984-04-21T00:00:00Z,http://commons.wikimedia.org/wiki/Special:FilePath/BenQ%20wordmark.svg,Taiwan
Q502125,West Japan Railway Company,Passenger railway service provider in west Japan,28,1987-04-01T00:00:00Z,http://commons.wikimedia.org/wiki/Special:FilePath/JRW-381-yakumo-color.jpg,Japan
Q511031,Norsk Hydro,Norwegian aluminum and renewable energy company,28,1905-12-02T00:00:00Z,http://commons.wikimedia.org/wiki/Special:FilePath/Hydro%2001.JPG,Norway
Q13683,NYSE Euronext,"Multinational financial services corporation that operates multiple securities exchanges, located in New York City, New York, United States",28,2007-04-04T00:00:00Z,http://commons.wikimedia.org/wiki/Special:FilePath/NYSE%20Euronext%202012.svg,
Q1471346,Whirlpool Corporation,American multinational manufacturer and marketer of home appliances,28,1911-11-11T00:00:00Z,http://commons.wikimedia.org/wiki/Special:FilePath/Whirlpool%20Corporation%20Logo%20%28as%20of%202017%29.svg,United States of America
Q26070,UNIQLO,"Japanese casual wear designer, manufacturer and retailer",28,1984-06-02T00:00:00Z,http://commons.wikimedia.org/wiki/Special:FilePath/UNIQLO%20logo%20%28Japanese%29.svg,
Q861197,Varig,"1927–2006 airline in Brazil, flag-carrier and first airline founded in Brazil",28,1927-05-07T00:00:00Z,http://commons.wikimedia.org/wiki/Special:FilePath/Logo%20varig.gif,Brazil
Q794272,Azul Brazilian Airlines,brazilian airline,28,2008-01-04T00:00:00Z,http://commons.wikimedia.org/wiki/Special:FilePath/Azul%20flagship%20A330%20PR-AIV%20in%20Ft.%20Lauderdale.jpg,Brazil
Q21683250,Kahoot!,online quiz platform,28,2011-12-15T00:00:00Z,http://commons.wikimedia.org/wiki/Special:FilePath/Kahoot%20Logo.svg,Norway
Q51211653,Osaka Metro,Tramway company of Osaka operating subways,28,2017-06-01T00:00:00Z,http://commons.wikimedia.org/wiki/Special:FilePath/Osaka%20Metro%20logo.svg,Japan
Q218715,Blohm + Voss,German shipbuilding and engineering works,27,1877-04-05T00:00:00Z,http://commons.wikimedia.org/wiki/Special:FilePath/Blohm%20%2B%20Voss%20%28Hamburg-Steinwerder%29.2.phb.ajb.jpg,Germany
Q682894,Tokyo Metro,"operator of one of the urban train systems in Tokyo, Japan",27,2004-04-01T00:00:00Z,http://commons.wikimedia.org/wiki/Special:FilePath/Tokyo%20Metro%20logo%20%28full%29.svg,Japan
Q778126,Intelsat,communications satellite services provider,27,1964-08-20T00:00:00Z,http://commons.wikimedia.org/wiki/Special:FilePath/Intelsat%20headquarters.JPG,Luxembourg
Q1236833,United Launch Alliance,joint venture of Lockheed Martin and Boeing,27,2006-12-01T00:00:00Z,http://commons.wikimedia.org/wiki/Special:FilePath/A%20Payload%20fairing%20and%20Centaur%20upper%20stage%20of%20an%20Atlas%20V%20411.jpg,
Q483281,Tiger Airways,budget airline,27,2003-12-12T00:00:00Z,http://commons.wikimedia.org/wiki/Special:FilePath/Tigerair%20A320-232%209V-TRK%20%2816908535361%29.jpg,Singapore
Q1054844,Taito Corporation,Japanese video game developer and publisher,27,1953-08-24T00:00:00Z,http://commons.wikimedia.org/wiki/Special:FilePath/Taito%20logo.svg,Japan
Q940689,Fiat S.p.A.,1899-2014 automotive manufacturer holding company,27,1899-07-11T00:00:00Z,http://commons.wikimedia.org/wiki/Special:FilePath/Fiat%20S.p.A.%20logo.svg,Italy
Q2081339,Disneytoon Studios,"American animation studio, a division of Walt Disney Animation Studios",27,1990-04-01T00:00:00Z,http://commons.wikimedia.org/wiki/Special:FilePath/DisneyToon%20Studios%20logo.svg,United States of America
Q849910,Cubana de Aviación,Cuban Airline,27,1929-10-08T00:00:00Z,http://commons.wikimedia.org/wiki/Special:FilePath/Cubana%20Airlines%20logo.svg,Cuba
Q524255,SNCB/NMBS,State-owned railway company of Belgium (1926–),27,1926-09-01T00:00:00Z,http://commons.wikimedia.org/wiki/Special:FilePath/Avenue%20de%20la%20Porte%20de%20Hal%20Bruxelles%2021.jpg,Belgium
Q26823,Abarth,Italian racing car maker,27,1949-04-15T00:00:00Z,http://commons.wikimedia.org/wiki/Special:FilePath/Fiat%20124%20Spider%20Abarth%20Logo.JPG,Italy
Q855479,TDK,Japanese multinational electronics company,27,1935-12-07T00:00:00Z,http://commons.wikimedia.org/wiki/Special:FilePath/TDK-Logo.svg,Japan
Q3951786,Air France Hop,Regional airline subsidiary of Air France,27,2013-03-31T00:00:00Z,http://commons.wikimedia.org/wiki/Special:FilePath/Air%20France%20Hop%20Logo.svg,France
Q605169,British Rail,British state-owned rail transport operator (1948-1997),27,1948-01-01T00:00:00Z,http://commons.wikimedia.org/wiki/Special:FilePath/Resting%20at%20King%27s%20Cross%20station%20-%20geograph.org.uk%20-%201427194.jpg,United Kingdom
Q654953,Ariana Afghan Airlines,Flag carrier airline of Afghanistan,26,1955-01-27T00:00:00Z,http://commons.wikimedia.org/wiki/Special:FilePath/Ariana%20Afghan%20Airlines%20logo.svg,Afghanistan
Q380,"Facebook, Inc.",American social media and technology company,26,2004-02-04T00:00:00Z,http://commons.wikimedia.org/wiki/Special:FilePath/Facebook%2C%20Inc.%20Logo%202019.svg,United States of America
Q327429,Wärtsilä,Finnish corporation,26,1834-04-12T00:00:00Z,http://commons.wikimedia.org/wiki/Special:FilePath/W%C3%A4rtsil%C3%A4%20Rotterdam.jpg,Finland
Q688082,Bata Limited,footwear and fashion accessory company,26,1894-08-24T00:00:00Z,http://commons.wikimedia.org/wiki/Special:FilePath/Bata.svg,Switzerland
Q774636,Hungarian National Bank,central bank,26,1924-06-24T00:00:00Z,http://commons.wikimedia.org/wiki/Special:FilePath/Logo%20of%20the%20Hungarian%20National%20Bank.svg,Hungary
Q138913,JYSK,Danish multinational furniture company,26,1979-03-15T00:00:00Z,http://commons.wikimedia.org/wiki/Special:FilePath/Praha%20Strasnice%20Vyzlovska%201%20JYSK.jpg,Danish Realm|Denmark
Q1274521,Agencia EFE,news agency,26,1939-01-03T00:00:00Z,http://commons.wikimedia.org/wiki/Special:FilePath/EFE%20logo.svg,Spain
Q267122,BNSF Railway,Freight railroad network in North America,26,1995-09-22T00:00:00Z,http://commons.wikimedia.org/wiki/Special:FilePath/BNSF%20Railway%20system%20map.svg,United States of America
Q483946,POSCO,"company, from Pohang, South Korea; with New York Exchange -listed share (PKX)",26,1968-04-01T00:00:00Z,http://commons.wikimedia.org/wiki/Special:FilePath/Poscotower07.jpg,South Korea
Q1141245,Insomniac Games,American video game developer,26,1994-02-28T00:00:00Z,http://commons.wikimedia.org/wiki/Special:FilePath/Insomniac%20Games%20logo.svg,United States of America
Q1143457,Croatian National Bank,central bank,26,1990-12-21T00:00:00Z,http://commons.wikimedia.org/wiki/Special:FilePath/Banco%20Nacional%2C%20Zagreb%2C%20Croacia%2C%202014-04-20%2C%20DD%2001.JPG,Croatia
Q1049080,Juniper Networks,American multinational technology company,26,1996-02-06T00:00:00Z,http://commons.wikimedia.org/wiki/Special:FilePath/Juniper%20Networks%20logo.svg,United States of America
Q1073489,China State Railway Group,State-owned national railway company of China,26,2013-03-14T00:00:00Z,http://commons.wikimedia.org/wiki/Special:FilePath/China%20Railways.svg,People's Republic of China
Q573103,TUI AG,Anglo-German multinational travel and tourism company,26,1923-10-09T00:00:00Z,http://commons.wikimedia.org/wiki/Special:FilePath/TUI%20KWA4.JPG,Germany
Q573915,Interflug,former airline in the German Democratic Republic,26,1958-09-18T00:00:00Z,http://commons.wikimedia.org/wiki/Special:FilePath/Tupolev%20Tu-134%20DM-SCZ%20Interflug%20AMS%2011.09.77%20edited-2.jpg,East Germany
Q2247432,Avast Software,Czech security software company,26,2013-10-03T00:00:00Z,http://commons.wikimedia.org/wiki/Special:FilePath/Avast%20Software%20logo%202016.svg,Czech Republic
Q3238917,Google Play Music,"online music locker, music store, and music streaming service",26,2011-11-16T00:00:00Z,http://commons.wikimedia.org/wiki/Special:FilePath/Google%20Play%20Music%20icon%20%282016%29.svg,
Q372471,Wargaming.net,video game development company,26,1998-08-02T00:00:00Z,http://commons.wikimedia.org/wiki/Special:FilePath/WargamingMinskHeadquarters.jpg,United States of America|Cyprus
Q845047,Koei,"Japanese video game publisher, developer, and distributor founded in 1978",26,1978-07-25T00:00:00Z,http://commons.wikimedia.org/wiki/Special:FilePath/Koei%20logo.svg,Japan
Q54829,Radiotelevisión Española,Spanish state-owned public corporation,26,1945-07-28T00:00:00Z,http://commons.wikimedia.org/wiki/Special:FilePath/Logo%20RTVE.svg,Spain
Q1161666,Thales Group,French multinational company,26,2000-12-06T00:00:00Z,http://commons.wikimedia.org/wiki/Special:FilePath/Thales%20Logo.svg,France
Q1180205,De Nederlandsche Bank,The Netherlands' central bank,26,1814-03-25T00:00:00Z,http://commons.wikimedia.org/wiki/Special:FilePath/De%20Nederlandsche%20Bank%20logo.svg,Netherlands|Kingdom of the Netherlands
Q1194664,National Bank of Serbia,central bank of Serbia,26,1884-07-02T00:00:00Z,http://commons.wikimedia.org/wiki/Special:FilePath/Central%20bank%2C%20Belgrade%2C%20Serbia.jpg,Serbia
Q29041,Hanomag,"former German producer of steam locomotives, tractors, trucks and military vehicles",26,1871-03-10T00:00:00Z,http://commons.wikimedia.org/wiki/Special:FilePath/Hanomag%20Emblem.JPG,Germany
Q796297,B3,"Stock exchange located in São Paulo, Brazil",26,1890-08-23T00:00:00Z,http://commons.wikimedia.org/wiki/Special:FilePath/S%C3%A3o%20Paulo%20Stock%20Exchange%20Building.jpg,Brazil
Q623133,El Corte Inglés,Spanish department store group,26,1940-06-28T00:00:00Z,http://commons.wikimedia.org/wiki/Special:FilePath/Oficinas%20centrales%20de%20El%20Corte%20Ingl%C3%A9s%20%28Madrid%29%2003.jpg,Spain
Q60324825,All Elite Wrestling,American professional wrestling promotion,26,2019-01-01T00:00:00Z,http://commons.wikimedia.org/wiki/Special:FilePath/AEW%20Logo%20%28simplified%29.svg,United States of America
Q15139453,Norwegian Long Haul,division of Norwegian Air Shuttle,26,2012-01-01T00:00:00Z,http://commons.wikimedia.org/wiki/Special:FilePath/Norwegian%20Long%20Haul%2C%20EI-LNA%2C%20Boeing%20787-8%20Dreamliner%20%2819994230519%29.jpg,Norway|Spain|Denmark|Italy|Netherlands|France|United Kingdom|Kingdom of the Netherlands|Danish Realm
Q16161254,Big Hit Entertainment,South Korean record label,26,2005-02-01T00:00:00Z,http://commons.wikimedia.org/wiki/Special:FilePath/Big%20Hit%20Entertainment%20Logo%20black.svg,South Korea
Q645950,Openmoko,Taiwanese corporation that codeveloped Openmoko Linux,25,2006-11-07T00:00:00Z,,Taiwan
Q687709,National Bank of Latvia,central bank,25,1922-09-07T00:00:00Z,http://commons.wikimedia.org/wiki/Special:FilePath/Latvijas%20Banka%20logo.png,Latvia
Q1284261,Nornickel,Russian company,25,1993-06-30T00:00:00Z,http://commons.wikimedia.org/wiki/Special:FilePath/Norilsk%20logo.svg,Russia
Q285328,Commonwealth Bank,Australian multinational bank,25,1911-12-22T00:00:00Z,http://commons.wikimedia.org/wiki/Special:FilePath/KerangCommonwealthBank.JPG,Australia
Q1051297,Subaru Corporation,car manufacturer based in Japan,25,1953-07-15T00:00:00Z,http://commons.wikimedia.org/wiki/Special:FilePath/Subaru%20logo.svg,Japan
Q528978,Tajik Air,airline,25,1924-09-03T00:00:00Z,http://commons.wikimedia.org/wiki/Special:FilePath/Tajik%20air.jpg,Tajikistan
Q542511,Hoechst,German company,25,1863-01-02T00:00:00Z,http://commons.wikimedia.org/wiki/Special:FilePath/Industriepark%20H%C3%B6chst%2C%20Leunabr%C3%BCcke.jpg,Germany
Q162189,Lufthansa CityLine,airline,25,1958-06-17T00:00:00Z,http://commons.wikimedia.org/wiki/Special:FilePath/2010-07-08%20ERJ190%20Cityline%20D-AECE%20EDDF%2001.jpg,Germany
Q848620,Rover Company,former British car company,25,1896-06-13T00:00:00Z,http://commons.wikimedia.org/wiki/Special:FilePath/Rover%20badge%201907.jpg,United Kingdom
Q1195543,TVB,television station in Hong Kong,25,1967-11-19T00:00:00Z,,United Kingdom|People's Republic of China|Kingdom of England|Great Britain|British Empire|British Hong Kong|United Kingdom of Great Britain and Ireland
Q513679,Central Japan Railway Company,rail transportation company in central Japan (Tokai),25,1987-04-01T00:00:00Z,http://commons.wikimedia.org/wiki/Special:FilePath/CentralJapanRailwayCompanyType373Inaji.jpg,Japan
Q203550,Alpina,German automotive manufacturer,25,1965-01-01T00:00:00Z,http://commons.wikimedia.org/wiki/Special:FilePath/ALPINA%20Logo.png,Germany
Q876720,Via Rail,national inter-city passenger rail operator in Canada owned by the Canadian government,25,1977-01-12T00:00:00Z,http://commons.wikimedia.org/wiki/Special:FilePath/VIA%20Rail%20Canada%20simplified.svg,Canada
Q806714,Bank of Albania,central bank,25,1925-09-02T00:00:00Z,http://commons.wikimedia.org/wiki/Special:FilePath/Banka%20e%20Shqip%C3%ABris%C3%AB%20Logo.svg,Albania
Q6122893,Jaguar Land Rover,British multinational automotive company,25,2013-01-01T00:00:00Z,,United Kingdom
Q76846862,ViacomCBS,American mass media company found in 2019,25,2019-12-04T00:00:00Z,http://commons.wikimedia.org/wiki/Special:FilePath/ViacomCBS.svg,United States of America
Q74687,Bulgarian National Bank,central bank,24,1879-01-25T00:00:00Z,http://commons.wikimedia.org/wiki/Special:FilePath/National%20Bank%20of%20Bulgaria.JPG,Bulgaria
Q313966,Dexia,bank,24,1996-07-22T00:00:00Z,http://commons.wikimedia.org/wiki/Special:FilePath/Dexia%20Logo%202012.svg,Belgium|France
Q483036,NCsoft,South Korean video game development company,24,1997-03-11T00:00:00Z,,South Korea
Q683252,Danmarks Nationalbank,Danish central bank,24,1818-08-01T00:00:00Z,http://commons.wikimedia.org/wiki/Special:FilePath/Danmarks%20Nationalbank.jpg,Denmark|Danish Realm
Q167840,Hydro-Quebec,hydroelectric utility,24,1944-04-14T00:00:00Z,http://commons.wikimedia.org/wiki/Special:FilePath/Hydro-Qu%C3%A9bec%20logo.svg,Canada
Q1258529,Dresdner Bank,company,24,1872-11-12T00:00:00Z,http://commons.wikimedia.org/wiki/Special:FilePath/Dresdner-Bank-Logo.svg,Germany
Q1049502,Hudson Soft,Japanese video game publisher,24,1973-05-18T00:00:00Z,http://commons.wikimedia.org/wiki/Special:FilePath/Tokyo%20midtown%20tower%20cropped.jpg,Japan
Q1062171,The 3DO Company,American video game company,24,1991-09-12T00:00:00Z,,United States of America
Q1066018,Toei Company,Japanese media corporation,24,1950-10-01T00:00:00Z,http://commons.wikimedia.org/wiki/Special:FilePath/Toei%20logo%20%28text%29.svg,Japan
Q1653258,ICICI Bank,Indian Multinational Bank,24,1994-01-05T00:00:00Z,http://commons.wikimedia.org/wiki/Special:FilePath/ICICI%20Bank%20Logo.svg,India
Q1368019,Citizen Watch,"core company of a Japanese global corporate group based in Tokyo, Japan",24,1930-05-28T00:00:00Z,http://commons.wikimedia.org/wiki/Special:FilePath/Citizen%20logo.svg,Japan
Q1415501,Lexmark,company,24,1991-03-27T00:00:00Z,http://commons.wikimedia.org/wiki/Special:FilePath/LogoLexmark.svg,United States of America
Q1428793,Sud Aviation,1957–1970 aerospace manufacturer in France,24,1957-03-01T00:00:00Z,http://commons.wikimedia.org/wiki/Special:FilePath/28.01.68%20Pr%C3%A9sentation%20du%20Concorde%20aux%20Toulousains%20%281968%29%20-%2053Fi1803%20%28cropped%29.jpg,France
Q830947,Remedy Entertainment,Finnish video game developer,24,1995-08-11T00:00:00Z,http://commons.wikimedia.org/wiki/Special:FilePath/Remedy%20Entertainment.png,Finland
Q1543058,Sveriges Radio,Sweden's national publicly funded radio broadcaster company,24,1924-03-21T00:00:00Z,http://commons.wikimedia.org/wiki/Special:FilePath/Sveriges-Radio-Logo.svg,Sweden
Q24090301,,Finnish mobile phone manufacturer,24,2015-11-17T00:00:00Z,http://commons.wikimedia.org/wiki/Special:FilePath/HMD%20Global%20Colored%20Logo.svg,Finland
Q899133,Takeda Pharmaceutical Company,Japanese pharmaceutical company,24,1925-01-29T00:00:00Z,http://commons.wikimedia.org/wiki/Special:FilePath/Logo%20Takeda.svg,Japan
Q658270,KfW,German government-owned development bank,23,1948-11-18T00:00:00Z,http://commons.wikimedia.org/wiki/Special:FilePath/KfW%20Bankengruppe.svg,Germany
Q773875,Safran Aircraft Engines,aircraft and rocket engine manufacturer based in France,23,1945-05-29T00:00:00Z,http://commons.wikimedia.org/wiki/Special:FilePath/Snecma%20Silvercrest.jpg,France
Q1321815,Kikkoman,company,23,1917-12-07T00:00:00Z,http://commons.wikimedia.org/wiki/Special:FilePath/Kikkoman-Logo.svg,Japan
Q1343118,Intesa Sanpaolo,Italian banking group,23,2007-01-01T00:00:00Z,http://commons.wikimedia.org/wiki/Special:FilePath/Logo%20Sanpaolo.gif,Italy
Q485531,Bank of Korea,central bank,23,1950-06-12T00:00:00Z,http://commons.wikimedia.org/wiki/Special:FilePath/Bank%20of%20Korea%2020070103.jpg,South Korea
Q1074666,Chiquita Brands International,Swiss company that distributes produce,23,1899-03-30T00:00:00Z,,United States of America|Switzerland
Q1053684,Polyphony Digital,internal video game development studio of Sony Computer Entertainment,23,1998-04-02T00:00:00Z,,Japan
Q938203,YKK Group,Japanese group of manufacturing companies,23,1934-01-01T00:00:00Z,http://commons.wikimedia.org/wiki/Special:FilePath/YKK%20Group%20Logo.svg,Japan
Q946607,The Qt Company,company,23,1994-03-04T00:00:00Z,http://commons.wikimedia.org/wiki/Special:FilePath/Qt%20logo%202016.svg,Finland
Q2002470,Turkish Aerospace Industries,"aerospace manufacturer, largest aerospace company in Turkey",23,1984-05-15T00:00:00Z,http://commons.wikimedia.org/wiki/Special:FilePath/Tai%20logo.png,Turkey
Q1044773,Wacom,Japanese company that specializes in graphics tablets and related products,23,1983-07-12T00:00:00Z,http://commons.wikimedia.org/wiki/Special:FilePath/Wacom%20logo.svg,Japan
Q2414469,FromSoftware,Japanese video game developer,23,1986-11-01T00:00:00Z,http://commons.wikimedia.org/wiki/Special:FilePath/Fromsoftware%20logo.png,Japan
Q1384140,Exor,Italian investment company incorporated in the Netherlands,23,1927-07-27T00:00:00Z,http://commons.wikimedia.org/wiki/Special:FilePath/Exor%20NV%20logo%202017.svg,Italy
Q1417227,KazMunayGas,company,23,2002-02-20T00:00:00Z,http://commons.wikimedia.org/wiki/Special:FilePath/KazMunayGaz.JPG,Kazakhstan
Q1423789,Tecmo,Japanese video game company,23,1967-07-31T00:00:00Z,http://commons.wikimedia.org/wiki/Special:FilePath/Tecmo%20logo.svg,Japan
Q1425063,Hyatt Hotels Corporation,American multinational hospitality company,23,1957-09-27T00:00:00Z,http://commons.wikimedia.org/wiki/Special:FilePath/Hyatt%20Logo.png,United States of America
Q843453,Posti Group,Finnish national postal company,23,1638-09-06T00:00:00Z,http://commons.wikimedia.org/wiki/Special:FilePath/Posti%20Group.svg,Finland
Q1156479,LAM Mozambique Airlines,"LAM - Mozambique Airlines, S. A. or Linhas Aéreas de Moçambique, Ltd., operating as LAM Mozambique Airlines, is the flag carrier of Mozambique.",23,1936-08-26T00:00:00Z,http://commons.wikimedia.org/wiki/Special:FilePath/LAM%20Mozambique%20Airlines%20Embraer%20190%20Volpati.jpg,Mozambique
Q1184535,Central Bank of Bosnia and Herzegovina,central bank,23,1997-06-20T00:00:00Z,http://commons.wikimedia.org/wiki/Special:FilePath/Sarajevo%20Tram-Stop%20Banka%202011-10-28%20%282%29.jpg,Bosnia and Herzegovina
Q1191685,FamilyMart,Japanese multinational convenience store franchise chain,23,1981-09-01T00:00:00Z,http://commons.wikimedia.org/wiki/Special:FilePath/FamilyMart%20Logo%20%282016-%29.svg,Japan
Q1437502,Iberdrola,company,23,1992-11-01T00:00:00Z,http://commons.wikimedia.org/wiki/Special:FilePath/Iberdrola%20wordmark.svg,Spain
Q1515015,PrivatBank,The largest commercial bank in Ukraine,23,1992-03-19T00:00:00Z,http://commons.wikimedia.org/wiki/Special:FilePath/%D0%9F%D1%80%D0%B8%D0%B2%D0%B0%D1%82%D0%91%D0%B0%D0%BD%D0%BA.png,Ukraine
Q790020,Bang & Olufsen,Danish multinational audio equipment manufacturer and retail chain,23,1925-11-17T00:00:00Z,http://commons.wikimedia.org/wiki/Special:FilePath/Bang%20and%20Olufsen%20logo.svg,Denmark|Danish Realm
Q616849,Bank of Lithuania,central bank,23,1922-09-27T00:00:00Z,http://commons.wikimedia.org/wiki/Special:FilePath/Central%20Office%20of%20the%20Bank%20of%20Lithuania%202019.jpg,Lithuania
Q898568,Japan Tobacco,cigarette manufacturing company,23,1985-04-01T00:00:00Z,http://commons.wikimedia.org/wiki/Special:FilePath/Japan%20Tobacco%20logo.svg,Japan
Q19923099,Hewlett Packard Enterprise,American multinational information technology enterprise company,23,2015-11-01T00:00:00Z,http://commons.wikimedia.org/wiki/Special:FilePath/Hewlett%20Packard%20Enterprise%20logo.svg,United States of America
Q117286,"China Ocean Shipping Co., Ltd.",Chinese shipping and logistics services supplier,22,1961-04-27T00:00:00Z,http://commons.wikimedia.org/wiki/Special:FilePath/Costco%20Building%2C%20Beijing.jpg,People's Republic of China
Q249591,Polish State Railways,dominant railway operator in Poland,22,2001-01-01T00:00:00Z,http://commons.wikimedia.org/wiki/Special:FilePath/WK15%20Wroc%C5%82aw%20G%C5%82%C3%B3wny%20%282%29%20Lichen99.jpg,Poland
Q381202,AERO Vodochody Aerospace,company in the Czech Republic,22,1919-02-25T00:00:00Z,http://commons.wikimedia.org/wiki/Special:FilePath/Aero%20Vodochody%20airport%20from%20the%20air.jpg,Czech Republic
Q1330910,Popeyes Louisiana Kitchen,American multinational chain of fried chicken fast food restaurants,22,1972-06-13T00:00:00Z,http://commons.wikimedia.org/wiki/Special:FilePath/Logo%20of%20Popeyes%20Louisiana%20Kitchen.svg,United States of America
Q294508,ALROSA,Russian group of diamond mining companies,22,1992-02-19T00:00:00Z,http://commons.wikimedia.org/wiki/Special:FilePath/%D0%9E%D0%B1%D0%BE%D0%B3%D0%B0%D1%82%D0%B8%D1%82%D0%B5%D0%BB%D1%8C%D0%BD%D0%B0%D1%8F%20%D1%84%D0%B0%D0%B1%D1%80%D0%B8%D0%BA%D0%B0%20%D0%B2%20%D0%9D%D1%8E%D1%80%D0%B1%D0%B5%2C%20%D0%9D%D0%B0%D0%BA%D1%8B%D0%BD%D1%81%D0%BA%D0%BE%D0%B5%20%D1%80%D1%83%D0%B4%D0%BD%D0%BE%D0%B5%20%D0%BF%D0%BE%D0%BB%D0%B5%2C%20%D0%AF%D0%BA%D1%83%D1%82%D0%B8%D1%8F.jpg,
Q1065024,Hearst,American multinational conglomerate group,22,1887-03-04T00:00:00Z,http://commons.wikimedia.org/wiki/Special:FilePath/Hearst%20Corporation%20Logo.svg,United States of America
Q1068734,HAL Laboratory,Japanese video game developer,22,1980-02-21T00:00:00Z,,Japan
Q1688472,JetBrains,Czech software company,22,2000-01-02T00:00:00Z,http://commons.wikimedia.org/wiki/Special:FilePath/JetBrains%20Logo%202016.svg,Czech Republic
Q1809448,Whole Foods Market,American supermarket chain specializing in natural and organic foods,22,1980-09-20T00:00:00Z,http://commons.wikimedia.org/wiki/Special:FilePath/Whole%20Foods%20Market%20logo.svg,United States of America
Q560183,Reichsbank,bank,22,1876-01-01T00:00:00Z,http://commons.wikimedia.org/wiki/Special:FilePath/Reichsbankdirektion.jpg,German Reich
Q726193,Ashok Leyland,company,22,1948-09-07T00:00:00Z,http://commons.wikimedia.org/wiki/Special:FilePath/Ashok%20Leyland%20U%20truck%20-%20Chennai%20-%20India.jpg,India
Q2381223,Media Markt,German multinational chain of stores selling consumer electronics,22,1979-11-24T00:00:00Z,http://commons.wikimedia.org/wiki/Special:FilePath/Media%20Markt%20logo.svg,Germany
Q2531521,Kojima Productions,video game development studio,22,2005-04-01T00:00:00Z,,Japan
Q1364176,Wipro,"Indian information technology services corporation headquartered in Bengaluru, India",22,1945-12-29T00:00:00Z,http://commons.wikimedia.org/wiki/Special:FilePath/S3%20and%20S4%20Building%20SJP2%20Wipro%20Sarjapur%20office%20Photo%20182805.jpg,India
Q1192805,Krispy Kreme,American global doughnut company and coffeehouse chain,22,1937-07-13T00:00:00Z,http://commons.wikimedia.org/wiki/Special:FilePath/Krispy%20Kreme%20logo.svg,
Q1515558,Singapore Exchange,Investment holding company in Singapore providing services related to securities and derivatives trading and others,22,1999-12-01T00:00:00Z,http://commons.wikimedia.org/wiki/Special:FilePath/SGX%20gradient%20logo%20%28PNG%29.png,Singapore
Q1542175,Mitsubishi UFJ Financial Group,Japanese bank holding and financial services company,22,2005-10-01T00:00:00Z,http://commons.wikimedia.org/wiki/Special:FilePath/Mitsubishi%20UFJ%20Financial%20Group.svg,Japan
Q1543585,Nismo,motorsport and performance division of automobile manufacturer Nissan,22,1984-09-17T00:00:00Z,http://commons.wikimedia.org/wiki/Special:FilePath/Nismo%20logo.svg,Japan
Q27786,Fabryka Samochodów Osobowych,Polish automobile manufacturer,22,1948-08-01T00:00:00Z,http://commons.wikimedia.org/wiki/Special:FilePath/FSO%20Logo.png,Poland
Q806186,Central Bank of Brazil,central bank of Brazil,22,1964-12-31T00:00:00Z,http://commons.wikimedia.org/wiki/Special:FilePath/Banco%20Central%20do%20Brasil%20logo.png,Brazil
Q607131,MetLife,American insurance holding company,22,1868-03-24T00:00:00Z,http://commons.wikimedia.org/wiki/Special:FilePath/MetLIfe%20GC.JPG,United States of America
Q611508,Creative Assembly,British video game developer,22,1987-08-18T00:00:00Z,http://commons.wikimedia.org/wiki/Special:FilePath/Creative%20Assembly%20logo.png,United Kingdom
Q29017875,Norwegian Air Argentina,Argentinian airline,22,2017-01-25T00:00:00Z,http://commons.wikimedia.org/wiki/Special:FilePath/Norwegian%20Boeing%20737-800%20cabin%20Sky%20Interior.JPG,Argentina
Q49547426,Air Italy,Defunct Italian airline,22,2018-02-19T00:00:00Z,http://commons.wikimedia.org/wiki/Special:FilePath/AirItaly.png,Italy
Q60456802,Norwegian Air Sweden,Swedish airline,22,2018-11-20T00:00:00Z,http://commons.wikimedia.org/wiki/Special:FilePath/Norwegian%20Boeing%20737%20MAX%208.jpg,Sweden
Q97439162,Stellantis,Franco-italian-american multinational automotive manufacturing,22,2021-01-16T00:00:00Z,http://commons.wikimedia.org/wiki/Special:FilePath/Stellantis.svg,Netherlands|Kingdom of the Netherlands
Q913248,VR Group,state-owned railway company in Finland,22,1995-03-01T00:00:00Z,http://commons.wikimedia.org/wiki/Special:FilePath/VR%20Group%20logo.svg,Finland
Q73043,Iarnród Éireann,parastatal rail transport organisation of Ireland,21,1987-02-02T00:00:00Z,http://commons.wikimedia.org/wiki/Special:FilePath/Train%20In%20Connolly%20Station%20-%20Dublin%20-%20panoramio.jpg,Ireland
Q83825,Vy,state-owned railway operator of Norway since 1996,21,1996-12-01T00:00:00Z,http://commons.wikimedia.org/wiki/Special:FilePath/NSB%20%28Norske%20tog%29%2075-39%20i%20Vy-dekor%2C%20Sundhaugen%2C%20Drammen.jpg,Norway
Q373724,La Poste,postal service company in France,21,2010-03-01T00:00:00Z,http://commons.wikimedia.org/wiki/Special:FilePath/Le%20Chesne-FR-08-la%20Poste-a5.jpg,France
Q378372,Banco de Portugal,central bank,21,1846-11-19T00:00:00Z,,Portugal
Q477016,Creative Technology,company,21,1981-07-01T00:00:00Z,http://commons.wikimedia.org/wiki/Special:FilePath/Creative%20Technology%20company%20logo.svg,Singapore
Q687175,Deutsche Bundesbahn,state railway of the Federal Republic of Germany (1949–1993),21,1949-09-07T00:00:00Z,http://commons.wikimedia.org/wiki/Special:FilePath/Deutsche%20Bundesbahn.svg,West Germany
Q164914,Lithuanian Railways,company,21,1991-12-24T00:00:00Z,http://commons.wikimedia.org/wiki/Special:FilePath/EJ575-007%2C%20%D0%9B%D0%B8%D1%82%D0%B2%D0%B0%2C%20%D0%92%D0%B8%D0%BB%D1%8C%D0%BD%D1%8E%D1%81%D1%81%D0%BA%D0%B8%D0%B9%20%D1%83%D0%B5%D0%B7%D0%B4%2C%20%D1%81%D1%82%D0%B0%D0%BD%D1%86%D0%B8%D1%8F%20%D0%9B%D1%8F%D0%BD%D1%82%D0%B2%D0%B0%D1%80%D0%B8%D1%81%20%28Trainpix%20113966%29%20%28cropped%29.jpg,Lithuania
Q1305972,Ràdio i Televisió d'Andorra,organization,21,2000-04-13T00:00:00Z,http://commons.wikimedia.org/wiki/Special:FilePath/RTVA%20logotip.png,Andorra
Q1136885,Sanrio,Japanese company,21,1960-08-10T00:00:00Z,http://commons.wikimedia.org/wiki/Special:FilePath/%E3%82%B5%E3%83%B3%E3%83%AA%E3%82%AA%20%E3%83%AD%E3%82%B4.png,Japan
Q948500,Air Do,Japanese Airline,21,1996-11-14T00:00:00Z,http://commons.wikimedia.org/wiki/Special:FilePath/Air%20Do.svg,Japan
Q1886126,Safran,"French multinational aircraft engine, rocket engine, aerospace-component, defense, and security company",21,2005-05-11T00:00:00Z,http://commons.wikimedia.org/wiki/Special:FilePath/Logo%20Safran.svg,France
Q525359,Société Nationale des Chemins de Fer Luxembourgeois,State-owned Railway company of Luxembourg,21,1946-05-14T00:00:00Z,http://commons.wikimedia.org/wiki/Special:FilePath/CFL%204012%20Troisvierges%2013-08-2007.jpg,Luxembourg
Q2120364,Radio France,French public service radio broadcaster,21,1975-01-01T00:00:00Z,http://commons.wikimedia.org/wiki/Special:FilePath/Radio%20France%20logo.png,France
Q2598067,National Bank of North Macedonia,Central bank in North Macedonia,21,1946-10-19T00:00:00Z,http://commons.wikimedia.org/wiki/Special:FilePath/National%20bank%20of%20Macedonia.jpg,North Macedonia
Q2667719,Aviation Industry Corporation of China,a company,21,1951-04-17T00:00:00Z,,People's Republic of China
Q498930,Hokkaido Railway Company,Japanese railway company,21,1987-04-01T00:00:00Z,http://commons.wikimedia.org/wiki/Special:FilePath/JR-Hokkaido%20main%20office.JPG,Japan
Q59551,Warsaw Stock Exchange,"Stock exchange located in Warsaw, Poland",21,1991-04-12T00:00:00Z,http://commons.wikimedia.org/wiki/Special:FilePath/Warsaw%20Stock%20Exchange%20logo.svg,Poland
Q1148568,Thai AirAsia,Thai low-fare airline,21,2003-12-08T00:00:00Z,http://commons.wikimedia.org/wiki/Special:FilePath/AirAsia%20New%20Logo.svg,Thailand
Q1518683,MathWorks,company,21,1984-12-07T00:00:00Z,http://commons.wikimedia.org/wiki/Special:FilePath/Matlab%20Logo.png,United States of America
Q3772556,Natsume,Japanese video game company,21,1987-10-20T00:00:00Z,http://commons.wikimedia.org/wiki/Special:FilePath/Natsume%20Logo.svg,Japan
Q21406312,Nordica,Estonian airline,21,2015-09-25T00:00:00Z,http://commons.wikimedia.org/wiki/Special:FilePath/Nordica%2C%20ES-ACD%2C%20Canadair%20CRJ-900ER%20%2826076502426%29.jpg,Estonia
Q56230193,Norwegian Air Norway,airline,21,2013-06-17T00:00:00Z,http://commons.wikimedia.org/wiki/Special:FilePath/Norwegian%20Boeing%20737-800%20p%C3%A5%20Gardemoens%20flyplass%20Oslo%2C%20Norge.jpg,Norway
Q60238941,Fox Corporation,American multinational mass media corporation,21,2019-01-01T00:00:00Z,http://commons.wikimedia.org/wiki/Special:FilePath/FOX%20wordmark.svg,United States of America
Q18398469,Pobeda,Russian airline,21,2014-09-16T00:00:00Z,http://commons.wikimedia.org/wiki/Special:FilePath/Pobeda%20logo.png,Russia
Q80788,DNB ASA,company,20,2003-12-04T00:00:00Z,http://commons.wikimedia.org/wiki/Special:FilePath/Dnb%20NOR%20i%20Bergen.jpg,Norway
Q83819,Ferrocarrils de la Generalitat de Catalunya,company,20,1979-09-05T00:00:00Z,http://commons.wikimedia.org/wiki/Special:FilePath/FGC%20Les%20Planes.jpg,Spain
Q408655,LATAM Colombia,"LATAM Airlines Colombia, formerly known as LAN Colombia, and previously as Aerovías de Integración Regional S.A., is a Colombian airline. It is the second-largest air carrier in Colombia.",20,1980-10-02T00:00:00Z,http://commons.wikimedia.org/wiki/Special:FilePath/LATAM%20Chile%20Boeing%20787-9%20Dreamliner%20%28CC-BGD%29%20coming%20in%20from%20Madrid%20%28LEMD%29%20%40%20Frankfurt%20International%20%28EDDF%29.jpg,Colombia
Q173358,Mercedes AMG High Performance Powertrains,British Formula One engine manufacturer,20,1983-10-11T00:00:00Z,http://commons.wikimedia.org/wiki/Special:FilePath/Mercedes%20AMG%20HPP%20logo.png,United Kingdom
Q1229035,Disney Interactive Studios,American video game developer and publisher owned by the Walt Disney Company through Disney Interactive,20,1994-12-05T00:00:00Z,,United States of America
Q1115363,Comac,aerospace manufacturer,20,2008-05-11T00:00:00Z,,People's Republic of China
Q1069105,Kazakhstan Temir Zholy,national railway company of Kazakhstan,20,2002-03-15T00:00:00Z,http://commons.wikimedia.org/wiki/Special:FilePath/Logo%20Kazakh%20railway.jpg,Kazakhstan
Q931084,Godiva Chocolatier,Turkish owned Belgian chocolaterie,20,1988-08-10T00:00:00Z,http://commons.wikimedia.org/wiki/Special:FilePath/HK%20Kln%20Bay%20Telford%20Plaza%20GODIVA%20Chocolatier%20a.jpg,Belgium
Q970769,Norges Bank,central bank of Norway,20,1816-06-14T00:00:00Z,http://commons.wikimedia.org/wiki/Special:FilePath/Norges%20Bank%20logo.svg,Norway
Q1683452,Jardine Matheson,British conglomerate that incorporated in Bermuda and headquartered in Hong Kong,20,1832-07-01T00:00:00Z,http://commons.wikimedia.org/wiki/Special:FilePath/HK%20Central%20Jardine%20House%20C1.JPG,
Q696798,Kärcher,German cleaning equipment manufacturer,20,1935-01-02T00:00:00Z,http://commons.wikimedia.org/wiki/Special:FilePath/K%C3%A4rcher%20Logo%202015.svg,Germany
Q721162,Telstra,telecommunications company predominantly serving Australian customers,20,1975-06-12T00:00:00Z,http://commons.wikimedia.org/wiki/Special:FilePath/Telstra%20logo.svg,Australia
Q2307159,Rocksteady Studios,UK computer and video game developer,20,2004-12-13T00:00:00Z,http://commons.wikimedia.org/wiki/Special:FilePath/Rocksteady.png,United Kingdom
Q2529982,The New York Times Company,"American media company, publisher of The New York Times",20,1851-09-18T00:00:00Z,http://commons.wikimedia.org/wiki/Special:FilePath/The%20New%20York%20Times%20Company%20logo.svg,
Q1365773,Technicolor SA,"French multinational corporation that provides services and products for the communication, media and entertainment industries",20,1893-02-27T00:00:00Z,http://commons.wikimedia.org/wiki/Special:FilePath/Logo%20technicolor%20SA.svg,France
Q1372049,Japan Post Holdings,Japanese conglomerate,20,2006-01-23T00:00:00Z,http://commons.wikimedia.org/wiki/Special:FilePath/Japan%20Post%20Holdings%20logo.svg,Japan
Q489247,Naver Corporation,company,20,1999-06-02T00:00:00Z,http://commons.wikimedia.org/wiki/Special:FilePath/Naver%20HQ.jpg,South Korea
Q62299,Jolla,Finland-based developer of smartphones,20,2011-03-29T00:00:00Z,http://commons.wikimedia.org/wiki/Special:FilePath/Jolla%20201x%20logo.svg,
Q1189945,Dentsu,advertising and public relations company,20,1901-07-01T00:00:00Z,http://commons.wikimedia.org/wiki/Special:FilePath/Dentsu%20logo.svg,Japan
Q1540297,Sanoma Corporation,media group in the Nordic countries,20,1999-05-01T00:00:00Z,http://commons.wikimedia.org/wiki/Special:FilePath/Sanoma%20logo%202013.png,
Q28344,Widerøe,regional airline in Norway,20,1934-02-19T00:00:00Z,http://commons.wikimedia.org/wiki/Special:FilePath/Wider%C3%B8e%2C%20LN-WEA%2C%20Embraer%20E190-E2%20%40%20HEL.jpg,Norway
Q806807,Bankia,Spanish bank,20,2010-12-03T00:00:00Z,http://commons.wikimedia.org/wiki/Special:FilePath/Bankia%20logo.svg,Spain
Q3880200,ONE Fighting Championship,martial arts promoter based in Singapore,20,2011-07-14T00:00:00Z,,Singapore
Q4035237,Krafton,South Korean video game developer and publisher.,20,2007-03-26T00:00:00Z,http://commons.wikimedia.org/wiki/Special:FilePath/Krafton%20Logo.svg,
Q8301325,SJ AB,Sweden train operator,20,2001-01-01T00:00:00Z,http://commons.wikimedia.org/wiki/Special:FilePath/SJ%20%28rail%20operator%29%20logo.png,Sweden
Q608518,Unibail Rodamco Westfield,European commercial real estate company,20,2007-06-25T00:00:00Z,http://commons.wikimedia.org/wiki/Special:FilePath/Unibail-Rodamco-Westfield.jpg,France
Q903219,SABIC,Chemicals manufacturing company,20,1977-01-04T00:00:00Z,http://commons.wikimedia.org/wiki/Special:FilePath/SABIC%20Logo%20RGB.png,Saudi Arabia
Q903523,Janssen Pharmaceutica,company,20,1934-10-23T00:00:00Z,http://commons.wikimedia.org/wiki/Special:FilePath/Xian%20janssen%20pharmaceutical01.jpg,Belgium
Q16538568,Microsoft Mobile,multinational mobile phone and mobile computing device manufacturing company,20,2014-04-25T00:00:00Z,http://commons.wikimedia.org/wiki/Special:FilePath/Microsoft%20logo%20%282012%29.svg,Finland
Q54328412,Hugo Freund & Co,,20,1908-09-05T00:00:00Z,http://commons.wikimedia.org/wiki/Special:FilePath/Hugo%20Freund%20a%20Spol.%201908.jpg,Austria-Hungary
